name,tier,access_path,access_path_verified,genre_tags,key_people,submission_method,submission_email,submission_url,formats,requirements,sub_labels,sub_label_multiplier,why_it_belongs,sources,last_verified,confidence
Drumcode,ELITE,relationship-only,relationship-only,techno,Adam Beyer,none-public,,,,,,1,"Scene-defining techno institution (est. 1996). A long game, not a cold target.",https://www.drumcode.se/; https://labelsbase.net/drumcode,2026-06-01,high
Experts Only,ELITE,needs-warm-intro,cold-demo-friendly,tech house; house,John Summit,form,,https://tstack.app/expertsonly,mp3; wav,Submit via the Trackstack portal linked from expertsonlyrecs.com,,1,John Summit's label — peak of the current scene.,https://www.expertsonlyrecs.com/; https://www.beatport.com/label/experts-only/103008,2026-06-01,high
Black Book,ELITE,needs-warm-intro,cold-demo-friendly,tech house; house,Chris Lake,form,,https://www.blackbookrecs.com/pages/demo-submissions,mp3; wav,Send up to 5 tracks via the on-site Trackstack portal,,1,Chris Lake's label — a Beatport #1 machine.,https://www.blackbookrecs.com/pages/demo-submissions,2026-06-01,high
Catch & Release,ELITE,needs-warm-intro,cold-demo-friendly,tech house,Fisher,form,,https://followthefishtv.com/pages/music,mp3; wav,Send up to 5 tracks via the Trackstack portal on followthefishtv.com (the DEMOS page),,1,Fisher's label — massive reach and chart dominance.,https://followthefishtv.com/pages/music,2026-06-01,high
Repopulate Mars,A,cold-demo-friendly,cold-demo-friendly,tech house; house,Lee Foss,email,demos@repopulatemars.com,https://www.repopulatemars.com/demos,private SoundCloud link; Dropbox link,Private SoundCloud or Dropbox links ONLY (no Google Drive / WeTransfer) | Max 4 demos at once; use a private playlist for multiple | Turn downloads ON | Prefer extended/full mixes over radio edits,South Of Saturn; North Of Neptune,3,Where Mau P broke through. Openly accepts demos.,https://www.repopulatemars.com/demos; https://www.facebook.com/hello.demo/posts/7569159419825555,2026-06-01,high
Dirtybird,A,cold-demo-friendly,cold-demo-friendly,tech house; house,Claude VonStroke,form,,https://www.label-worx.com/demo/dirtybird,mp3; wav,Upload via the Label-Worx 'DIRTYBIRD DemoBox' page | No feedback offered on all demos; they contact you if signing,,1,"Fun, quirky lane; a known career-launcher.",https://www.label-worx.com/demo/dirtybird; https://www.scribd.com/document/883776772/DIRTYBIRD-DemoBox,2026-06-01,high
Hellbent,A,cold-demo-friendly,unverified,tech house,Cloonee,unknown,,,,,,1,Cloonee's label — built for unknowns; charts constantly.,https://hellbentrecs.com/,2026-06-01,low
Three Six Zero,A,cold-demo-friendly,cold-demo-friendly,tech house; house,Dom Dolla,form,,https://www.labelradar.com/labels/threesixzero/portal,mp3; wav,Submit via the LabelRadar portal,,1,Open submissions; growing fast (Dom Dolla's home).,https://www.labelradar.com/labels/threesixzero/portal; https://www.threesixzero.com/connecting,2026-06-01,high
Hot Creations,A,needs-warm-intro,cold-demo-friendly,tech house; house,Jamie Jones,dm,,https://soundcloud.com/hotcreationsdemos,private SoundCloud link,Historically: send a private SoundCloud link to the 'hotcreationsdemos' account,,1,Jamie Jones's label — deep scene credibility.,https://soundcloud.com/hotcreationsdemos,2026-06-01,medium
Solid Grooves,A,cold-demo-friendly,cold-demo-friendly,tech house; techno,Michael Bibi,email,demos@solidgrooves.co.uk,,,,,1,"UK tech house institution (est. 2015, London).",https://labelsbase.net/solid-grooves-records; https://findmylabels.com/solid-grooves-records/,2026-06-01,medium
Sola,A,cold-demo-friendly,cold-demo-friendly,tech house,Solardo,email,demos@solarecords.com,,SoundCloud / Spotify link; downloadable link,,,1,"Solardo's label (Manchester, UK) — consistent charting; email demos welcome.",https://findmylabels.com/sola-records/; https://soundcloud.com/solamusicuk,2026-06-01,medium
Toolroom,B,cold-demo-friendly,cold-demo-friendly,tech house; house,Mark Knight,form,,https://toolroomrecords.com/demos/,mp3; wav,Upload via the on-site portal (powered by LabelRadar) | They listen to everything but cannot reply to each; contact you if interested,,1,Solid distribution and a long track record (Mark Knight).,https://toolroomrecords.com/demos/; https://www.labelradar.com/labels/toolroomrecords/portal,2026-06-01,high
Defected,B,cold-demo-friendly,cold-demo-friendly,house,,email,demos@defected.com,https://defected.com/demos,WAV only; streamable links: SoundCloud / Dropbox / WeTransfer,Streamable links only | WAV format only | Do NOT include artwork or promo materials | Submissions not following the guidelines are auto-deleted,,11,Huge catalogue; one submission effectively covers ~11 sub-labels.,https://defected.com/demos; https://www.labelradar.com/labels/defected/portal,2026-06-01,high
Knee Deep In Sound,B,cold-demo-friendly,cold-demo-friendly,melodic house; tech house,Hot Since 82,email,demos@hotsince82.com,,,,,1,Hot Since 82's label — a less-competitive melodic lane.,https://www.facebook.com/KneeDeepInSound/; https://labelsbase.net/knee-deep-in-sound,2026-06-01,high
Suara,B,cold-demo-friendly,cold-demo-friendly,tech house; techno,Coyu,email,demos@suara-music.com,,private SoundCloud link; mp3 320kbps,Private SoundCloud links only | No sendspace / yousendit / wetransfer links,,1,Coyu's label — darker tech house niche.,https://www.facebook.com/suaramusic/,2026-06-01,medium
Club Sweat,B,cold-demo-friendly,cold-demo-friendly,house; tech house,,form,,https://sweatitout.droptrack.com/demo/,,Submit via the Sweat It Out DropTrack portal,,1,Sweat It Out's house imprint — Australian reach; good for emerging artists.,https://sweatitout.droptrack.com/demo/,2026-06-01,high
Space Yacht,B,open-window-only,cold-demo-friendly + open-window,tech house; house; bass house,,form,,https://www.labelradar.com/labels/spaceyacht/portal,,Submit via the LabelRadar portal | Also: tracks reviewed live on twitch.tv/spaceyacht and on the 'Tune Reactor' on-air reaction series,,1,Reviews demos live on Twitch — the most transparent route in the scene.,https://www.labelradar.com/labels/spaceyacht/portal; https://www.twitch.tv/spaceyacht,2026-06-01,high
Glasgow Underground,B,cold-demo-friendly,cold-demo-friendly,house; tech house,Kevin McKay,email,music@glasgowunderground.com,,,Send the right music to the right place (see Kevin McKay's '7 tips for sending a demo'),,1,Kevin McKay's label — prolific Beatport charting and famously open/responsive to demos.,https://glasgowunderground.com/; https://www.facebook.com/glasgowunderground/videos/124288999514804/,2026-06-01,high
Snatch! Records,B,cold-demo-friendly,cold-demo-friendly,tech house; house,Riva Starr,email,demos@snatchrecords.com,,,,,1,Riva Starr's label — consistent tech house charting and a known route for new producers.,https://labelsbase.net/snatch-records; https://findmylabels.com/snatch-records/,2026-06-01,medium
Crosstown Rebels,A,cold-demo-friendly,cold-demo-friendly,tech house; deep house; melodic house,Damian Lazarus,email,demos@crosstownrebels.com,https://www.crosstownrebels.com/pages/demos,,Submit via the on-site Demos page or the demo A&R email,,1,Damian Lazarus's influential underground label — deep scene credibility (Get Lost / Day Zero).,https://www.crosstownrebels.com/pages/demos; https://labelsbase.net/crosstown-rebels,2026-06-01,medium
Saved Records,A,cold-demo-friendly,cold-demo-friendly,tech house; house,Nic Fanciulli; Simon Neale,form,,https://www.labelradar.com/labels/SavedRecords/portal,,Submit via the LabelRadar portal,,1,Nic Fanciulli's label — strong tech house pedigree and booking reach.,https://www.labelradar.com/labels/SavedRecords/portal,2026-06-01,high
Moon Harbour,B,cold-demo-friendly,cold-demo-friendly,tech house; house,Matthias Tanzmann,form,demo@moonharbour.com,https://tstack.app/moonharbour,,Submit via the Trackstack portal (or the demo email),,1,Long-running Leipzig tech house institution (since 2000) with steady Beatport presence.,https://tstack.app/moonharbour; https://labelsbase.net/moon-harbour,2026-06-01,high
Desert Hearts,B,cold-demo-friendly,cold-demo-friendly,house; techno,,form,,https://tstack.app/desert-hearts-records,,Submit via the Trackstack portal,,1,"Beloved US house/techno collective and festival brand — 'House, Techno & Love'.",https://tstack.app/desert-hearts-records,2026-06-01,high
Box of Cats,B,cold-demo-friendly,cold-demo-friendly,bass house; tech house,,form,,https://www.boxofcatsmusic.com/demo-s,SoundCloud track link,"Submit via the on-site form / Trackstack (artist name, full name, email, track title, SoundCloud link)",,1,Demo-friendly bass/tech house imprint that actively breaks new artists.,https://www.boxofcatsmusic.com/demo-s,2026-06-01,high
Cuttin' Headz,A,cold-demo-friendly,cold-demo-friendly,tech house; house,The Martinez Brothers,email,demos@cuttinheadz.com,,,,,1,The Martinez Brothers' label — explicitly 'always on the lookout for new talent'.,https://labelsbase.net/cuttin-headz; https://www.cuttinheadz.com/,2026-06-01,high
Country Club Disco,B,cold-demo-friendly,open-window-only,tech house; bass house,Golf Clap,form,,,,Submit when the demo form is open (e.g. the 'Caddyshack' Tech/Bass House window),Caddyshack,1,Golf Clap's demo-friendly label; runs a recurring 'Demo Tapes' series for unknowns.,https://www.facebook.com/countryclubdisco/posts/3517058945085089/; https://soundcloud.com/country-club-disco,2026-06-01,low
Anjunadeep,A,cold-demo-friendly,cold-demo-friendly,melodic house; progressive house; deep house,,form,,https://www.labelradar.com/labels/anjunadeep/portal,,Submit via the LabelRadar portal,,1,Globally prominent melodic/progressive house label (Anjuna / Above & Beyond family).,https://www.labelradar.com/labels/anjunadeep/portal,2026-06-01,high
Confession,A,cold-demo-friendly,cold-demo-friendly,bass house; tech house,Tchami,form,confessionlabel@gmail.com,https://www.labelradar.com/labels/confession/portal,,Submit via the LabelRadar portal (demo email also published),,1,"Tchami's label (Paris, 2015) — a leading future/bass house brand.",https://www.labelradar.com/labels/confession/portal; https://labelsbase.net/confession,2026-06-01,high
Higher Ground,A,cold-demo-friendly,cold-demo-friendly,house; tech house,Diplo,form,,https://www.labelradar.com/labels/higherground/portal,,Submit via the LabelRadar portal,,1,"Diplo's house label — high-profile and growing, with major booking/streaming reach.",https://www.labelradar.com/labels/higherground/portal,2026-06-01,high
Night Bass,B,cold-demo-friendly,unverified,bass house,AC Slater,unknown,,,,,,1,AC Slater's label — the defining home of bass house.,https://labelsbase.net/night-bass,2026-06-01,low
Diynamic,A,cold-demo-friendly,cold-demo-friendly,melodic house; tech house,Solomun,email,solomundemo@diynamic.com,https://www.diynamic.com/demos/,320kbps MP3,320kbps MP3 | Do not send more than 3 tracks at once | Promos go to solomunpromo@diynamic.com (not demos),,1,"Solomun's label — one of the most prestigious melodic/tech house brands, with major booking and streaming reach.",https://www.diynamic.com/demos/,2026-06-01,high
Get Physical,A,cold-demo-friendly,cold-demo-friendly,house; tech house,M.A.N.D.Y.,form,,https://www.labelradar.com/labels/getphysical/portal,,Demo submissions ONLY via the LabelRadar portal,,1,Three-decade Berlin house/tech house institution with deep catalogue and scene respect.,https://www.labelradar.com/labels/getphysical/portal,2026-06-01,high
Rekids,A,cold-demo-friendly,cold-demo-friendly,techno; tech house,Radio Slave,email,rekid@me.com,,,"Send new, ideally sample-free music",,1,Radio Slave's respected UK label (since 2006) — strong underground techno/house credibility.,https://www.facebook.com/rekids.official/posts/920949167963266/; https://labelsbase.net/rekids,2026-06-01,high
Yoshitoshi Recordings,A,cold-demo-friendly,cold-demo-friendly,house; tech house,Deep Dish,email,demos@yoshitoshi.com,https://www.label-worx.com/,,Demo email demos@yoshitoshi.com (a Label-Worx form is also referenced),,1,"Long-running, highly respected house/tech house label (Deep Dish) with global reach.",https://www.yoshitoshi.com/; https://labelsbase.net/yoshitoshi-recordings,2026-06-01,high
Lost Records,A,cold-demo-friendly,cold-demo-friendly,melodic house; tech house,CamelPhat,email,demos@lostrecords.co.uk,,SoundCloud link,SoundCloud links ONLY,,1,CamelPhat's label — a fast-rising melodic/tech house brand with big chart presence.,https://flowmusic.one/camelphat-want-your-demos/; https://labelsbase.net/lost-records,2026-06-01,high
All Day I Dream,A,cold-demo-friendly,cold-demo-friendly,organic house; melodic house,Lee Burridge,email,music@alldayidream.com,,,,,1,Lee Burridge's label — the defining organic/melodic house brand and event series.,https://labelsbase.net/all-day-i-dream; https://soundcloud.com/alldayidream,2026-06-01,medium
Under No Illusion,B,cold-demo-friendly,cold-demo-friendly,tech house; techno,Eli Brown,email,ki@undernoillusionrecordings.com,,,'All demos to' the demo email,,1,Eli Brown's label — one of the hottest current tech house/techno crossover names.,https://soundcloud.com/undernoillusion,2026-06-01,medium
Roush Label,B,cold-demo-friendly,cold-demo-friendly,tech house,Ramiro Lopez,form,,http://www.roushlabel.com/demos,,Submit up to 5 tracks via the on-site demo portal (15-day window),,1,Consistent tech house imprint with reliable Beatport presence; openly demo-friendly.,http://www.roushlabel.com/demos,2026-06-01,high
Abode Records,B,cold-demo-friendly,cold-demo-friendly,tech house; house,,form,,,,Submit via the ABODE Records Trackstack portal,,1,Strong UK tech house party brand and label; actively solicits demos.,https://www.instagram.com/abodeparties/,2026-06-01,medium
Eastenderz,B,cold-demo-friendly,cold-demo-friendly,tech house; minimal,East End Dubs,email,music@eastenddubs.co.uk,,,,,1,East End Dubs' label — a leader in the minimal/tech house ('minimal dub') wave.,https://www.eastenddubs.co.uk/; https://labelsbase.net/eastenderz,2026-06-01,high
PIV Records,B,cold-demo-friendly,cold-demo-friendly,tech house; deep house,Pirate Copy; Locklead,form,,https://www.labelradar.com/labels/pivrecords/profile,,Submit via the LabelRadar portal,,1,"Amsterdam tech/deep house label (since 2014) with a distinctive, well-regarded sound.",https://www.labelradar.com/labels/pivrecords/profile,2026-06-01,high
Heldeep,B,cold-demo-friendly,cold-demo-friendly,house; future house; tech house,Oliver Heldens,form,,https://www.labelradar.com/labels/heldeeprecords/profile,mp3,Drop an MP3 via the LabelRadar 'Drop Your Demo' portal,,1,"Oliver Heldens' label — high-profile, with major streaming and festival reach.",https://www.labelradar.com/labels/heldeeprecords/profile,2026-06-01,high
Perfect Havoc,B,cold-demo-friendly,cold-demo-friendly,house; dance pop,,form,,https://www.perfecthavoc.com/demos,,Upload via the on-site portal | They listen to everything but cannot reply to each,,1,UK house/dance-pop label with a track record of breaking new artists (e.g. Joel Corry).,https://www.perfecthavoc.com/demos; https://www.labelradar.com/labels/PerfectHavoc/portal,2026-06-01,high
Nervous Records,B,cold-demo-friendly,cold-demo-friendly,house,,email,info@nervousnyc.com,,,Check the label site for current submission guidelines before sending,,1,Iconic NYC house institution (since 1991) — deep heritage and ongoing releases.,https://www.nervousrecords.com/; https://www.instagram.com/nervousrecords/,2026-06-01,medium
Hottrax,B,cold-demo-friendly,cold-demo-friendly,tech house; house,Jamie Jones,form,,,,Submit via the Hottrax Trackstack portal (linked from the label's socials),,1,Jamie Jones' more club-focused label (sister to Hot Creations) — actively scouts producers.,https://www.instagram.com/hottraxofficial/,2026-06-01,medium
MoBlack Records,A,cold-demo-friendly,cold-demo-friendly,afro house; deep house; melodic house & tech; tribal,"MoBlack (Mimmo Falcone, founder)",email,demo@moblack.com,,private SoundCloud link,Send private SoundCloud links only | No file attachments,,1,"Consistently #1–2 top-selling label in Beatport's Afro House genre. Founded 2013 by Italian-Ghanaian producer MoBlack, it is the defining imprint of modern afro house globally, with hundreds of releases and a verified open demo email. High streaming credibility, strong booking impact, and openly accessible to unknowns.",https://moblack.com/auto-draft/; https://labelsbase.net/moblack-records; https://beatstats.com/label/moblack-records/37162-genre89,2026-06-01,high
Stay True Sounds,A,cold-demo-friendly,cold-demo-friendly,afro house; deep house; soulful house,Kid Fonque (co-founder); Jullian Gomes (co-founder); Louie Dunmore (Defected A&R),form,info@staytruesounds.com,https://www.labelradar.com/labels/staytruesounds/portal,private SoundCloud link; LabelRadar upload,Use private SoundCloud links for email route | LabelRadar portal for streamlined submission,,1,"South African deep/afro house label co-founded by Kid Fonque and Jullian Gomes; acquired by Defected Records. Has LabelRadar portal AND an email route, both publicly accessible. Defected partnership gives global streaming and retail reach. Accessible to unknown artists through both channels.",https://www.labelradar.com/labels/staytruesounds/portal; https://labelsbase.net/stay-true-sounds; https://www.musicweek.com/labels/read/defected-opens-up-demo-submissions-through-beatport-music-services-division-s-labelradar-programme/088481,2026-06-01,high
Sondela Recordings,A,cold-demo-friendly,cold-demo-friendly,afro house; afro electronic; deep house,Louie Dunmore (A&R / label head); Cleido (creative director),email,demos@sondelarecordings.com,,,,,1,"Defected's dedicated afro house imprint, launched 2021. Active Boiler Room partnerships, continuous 2024–2026 releases (Sondela Sampler series). Strong global streaming reach under Defected umbrella. Dedicated demo email confirmed on their own website.",https://www.sondelarecordings.com/; https://essentialhouse.club/2025/08/va-sondela-sampler-vol-4-on-sondela-recordings-ltd/; https://defected.com/news/post/defected-launch-afro-house-label-sondela,2026-06-01,high
Madorasindahouse,B,cold-demo-friendly,cold-demo-friendly,afro house; deep house; afro electronic,Harrys Fasoulakis (founder/A&R); Alkis (A&R),email,demo@madorasindahouse.com,,,,,1,"Greece's leading afro house label and party brand; 10+ years running events across Europe and Africa. Strong Beatportal presence. Dedicated demo emails confirmed on their own contact page. Scene respect high in European afro house circuit, accessible to unknown artists.",https://www.madorasindahouse.com/contact; https://ra.co/labels/19308; https://www.beatportal.com/labels/686676-madorasindahouse,2026-06-01,high
Offering Recordings,B,cold-demo-friendly,cold-demo-friendly,afro house; ancestral soul; deep house,"Boddhi Satva (founder, A&R, executive producer)",email,info@offeringrecordings.com,,private SoundCloud link,Use private SoundCloud links only,,1,"Founded 2007 by Congolese-Portuguese producer Boddhi Satva, a pioneer of 'ancestral soul' — spiritual afro house. Very active in 2024–2025 with multiple releases monthly. Beatport and Traxsource presence strong. Open demo email confirmed on labelsbase.net; consistent releases show active A&R.",https://labelsbase.net/offering-recordings; https://essentialhouse.club/2025/03/boddhi-satva-bantou-kingdoms-on-offering-recordings/; https://ra.co/labels/5517,2026-06-01,medium
Set About,B,cold-demo-friendly,cold-demo-friendly,tech house; afro tech; deep tech,,email,demo@setaboutmusic.com,,private SoundCloud link,Private SoundCloud links only,,1,Boutique tech house label with afro-infused sensibility (Beatport label ID 54025). Active release schedule. Confirmed demo email on labelsbase.net with SoundCloud link requirement. Accessible to unknown artists; demo process clearly articulated.,https://labelsbase.net/set-about; https://www.beatport.com/label/set-about/54025,2026-06-01,high
LouLou Records,B,cold-demo-friendly,cold-demo-friendly,tech house; latin tech house; jackin house,LouLou Players (founders); Kolombo (A&R),email,kolombo@loulourecords.com,,private SoundCloud link,Private SoundCloud links only,,1,"Belgian label founded by LouLou Players with strong Latin/Brazilian tech house flavor. 116 tech house releases on Beatport, active 2024–2025 (Summer Sampler 2025, Best Of 2024/2025 compilations). Accessible via email with SoundCloud link. Kolombo handles A&R; label friendly to new talent.",https://labelsbase.net/loulou-records; https://essentialhouse.club/2025/06/va-loulou-records-summer-sampler-2025-on-loulou-records/; https://www.beatport.com/label/loulou-records/9364,2026-06-01,high
Tribe Records,B,cold-demo-friendly,cold-demo-friendly,afro house; deep house; soulful house,"Zepherin Saint (founder, A&R)",email,info@triberecordsuk.com,,,,,1,"Boutique London label founded by Zepherin Saint — a key figure in afro house history. 37 Beatport afro house releases, active 2024–2025 (confirmed via Beatport year range). Soul, afro and jazz at its core. General enquiries email confirmed on their own website. Accessible to unknown artists.",https://triberecordsuk.com/gallery; https://www.beatport.com/label/tribe-records/12923/releases; https://triberecords.bandcamp.com/,2026-06-01,medium
Afroterraneo Music,B,cold-demo-friendly,cold-demo-friendly,afro house; afro latin; balearic afro house,Kiko Navarro (founder),dm,,https://afroterraneo.bandcamp.com/,,,,1,Label founded by Mallorcan DJ Kiko Navarro blending African rhythms with Mediterranean/Balearic vibes. Very active in 2025–2026 on Beatport (multiple monthly releases). Strong Afro House/Afro Latin presence. Contact via Bandcamp form confirmed; no dedicated demo email found on official site.,https://afroterraneo.bandcamp.com/; https://essentialhouse.club/2025/11/kiko-navarro-dazzle-drums-remixes-on-afroterraneo-music/; https://www.beatport.com/label/afroterraneo-music/67484,2026-06-01,medium
Cacao Records,B,cold-demo-friendly,cold-demo-friendly,afro house; deep house; latin tech house; tech house,"KEENE (K.E.E.N.E., founders, Panama/Guatemala); Gonzo-Gonzo (founder)",dm,,https://cacaorecords.bandcamp.com/,,,,1,"Berlin-based Central American label with 127 Beatport afro house releases. Active in 2024–2026 (Best Of 2024, Best Of 2025 compilations). Key artists include David Mayer and Re.you. Strong afro/latin house flavor that fits the slice. Bandcamp contact form is the confirmed public channel.",https://cacaorecords.bandcamp.com/; https://ra.co/labels/13690; https://www.beatport.com/label/cacao-records/57986,2026-06-01,medium
Sccucci Manucci,B,cold-demo-friendly,cold-demo-friendly,afro house; deep house; house,,email,info@sccuccimanucci.com,,,Do NOT send messages via SoundCloud inbox,,1,"London-based boutique label with long-running afro/house credibility; active in 2026 (VRRS 'Chtapodi' May 2026). Beatport and Traxsource presence. Known in the scene for eclectic, quality-focused curation. Demo contact confirmed via multiple sources.",https://soundcloud.com/sccuccimanucci; https://ra.co/labels/5147; https://essentialhouse.club/2026/05/vrrs-chtapodi-on-sccucci-manucci/,2026-06-01,medium
Watergate Records,A,needs-warm-intro,needs-warm-intro,deep house; afro house; melodic house & techno,,email,label@water-gate.de,,private SoundCloud link,Private SoundCloud links only | High production quality expected,,1,"Berlin club-label with elite reputation; 25 afro house releases on Beatport, active in 2024–2025. Releases afro house alongside melodic/deep house and techno. Demonstrated demo email published on labelsbase.net; however, given its prestige (Berlin club imprint), unknown artists face a high quality bar. Warm intro strongly advised, though email is technically public.",https://labelsbase.net/watergate-records; https://water-gate.de/de/label/label.html; https://ufo-network.com/2024/10/08/fahlberg-rhythms-for-sale-ep/,2026-06-01,high
Vatos Locos,B,needs-warm-intro,needs-warm-intro,tech house; afro tech; latin tech house,Hector (founder),dm,,,,,,1,"Barcelona-based label by DJ Hector with strong Latin/afro-inflected tech house releases on Beatport. Scene respect is high in the tech house circuit. No publicly confirmed demo email found — social channels (Instagram @vatos.locos.official, SoundCloud) are the only accessible contact points. Likely needs a warm introduction or direct DM with strong music.",https://soundcloud.com/vatos-locos-official; https://www.instagram.com/vatos.locos.official/; https://djmag.com/news/hector-launches-new-vatos-locos-label,2026-06-01,low
Hood Politics Records,B,cold-demo-friendly,cold-demo-friendly,bass house; tech house; house,,email,demos@hoodpoliticsrecords.com,https://tstack.app/hoodpoliticsrecords,,,,1,"San Diego–based collective (also described as Chicago-rooted) with strong Beatport presence across bass house, tech house and house. Actively releasing in 2024 (e.g. 'Pretty Boy Swag' by Proppa, Dec 2024; 'Six Five Four' by Shifty, Sept 2024). Known for community-driven curation and open to unknown artists via a stated always-on A&R policy. Scenes respect + streaming credibility well established.",https://www.hoodpoliticsrecords.com/; https://labelsbase.net/hoodpoliticsrecords; https://www.beatport.com/label/hood-politics-records/65821,2026-06-01,high
House of Hustle,B,cold-demo-friendly,cold-demo-friendly,tech house; bass house; house,,email,demos@houseofhustle.co,,,private SoundCloud links only,,1,"Boutique dance label founded 2014 with a strong Beatport catalog (640+ tech house tracks, 59+ bass house). Dedicated 'attitude' aesthetic across big basslines, 808s and party-focused club music. Active on Beatport through 2024-2025. Listed on LabelRadar, confirming they actively use the platform to manage demo intake. Well-suited to an unknown artist with polished tech/bass house material.",https://labelsbase.net/house-of-hustle; https://www.labelradar.com/labels/HouseOfHustleLabel/profile; https://www.beatport.com/label/house-of-hustle/42127,2026-06-01,high
Dim Mak Records,A,cold-demo-friendly,cold-demo-friendly,bass house; tech house; house; electro house,Steve Aoki,email,demos@dimmak.com,https://www.dimmak.com/demos,,private SoundCloud links only,Dim Mak New Noise,2,"Independent LA label founded by Steve Aoki in 1996. Has a dedicated /demos page and official email; maintains LabelRadar portal. Active 2024-2025 across bass house and tech house (e.g., Rich DietZ 'House Music & Anime' 2025). Known for 'New Noise' imprint discovering emerging talent. Beatport presence is strong and genre scope includes house and bass-adjacent. Accessible to unknown artists per their own stated 'by any means necessary' ethos.",https://www.dimmak.com/demos; https://labelsbase.net/dim-mak-records; https://www.labelradar.com/labels/dimmak/profile,2026-06-01,high
Bunny Tiger,B,cold-demo-friendly,cold-demo-friendly,tech house; bass house; house,Sharam Jey,email,info@bunnytiger.de,,,private SoundCloud links only,Bunny Tiger Dubs,2,"Founded 2012 by Sharam Jey with a 'DJ tools for DJs' philosophy. Active through 2024-2025 on Beatport (91+ tech house, 8+ bass house releases). Consistent label with scene respect and a roster of international underground talent. Beatport, Traxsource and RA profiles all active. Contact email is public and the requirement for private SoundCloud links indicates they actively manage demo intake.",https://labelsbase.net/bunny-tiger; https://www.beatport.com/label/bunny-tiger/27211,2026-06-01,medium
REALM Records,A,cold-demo-friendly,cold-demo-friendly,house; tech house; melodic house; afro house; deep house,Gorgon City,email,demos@realm-records.com,https://tstack.app/realmrecords/send,,,,1,Founded 2018 by Gorgon City. Active and growing in 2024-2025 (album 'Reverie' via REALM & Astralwerks 2024; Beatport imprint presence confirmed via ADE 2024 chart). Strong streaming credibility and scene respect (Gorgon City are booking-relevant headline acts). Accepts demos via public email and tstack portal per confirmed official channels. Genres include house and tech house which crossover well with US-leaning bass house producers.,https://www.facebook.com/gorgoncity/posts/where-to-send-demos-for-our-label-realm-realmrecordsdemosgmailcom/1832679666793412/; https://findmylabels.com/realm-records/; https://www.labelradar.com/labels/therealm/portal; https://www.beatport.com/label/realm-records/74459,2026-06-01,high
IN/ROTATION (Insomniac Records),A,cold-demo-friendly,cold-demo-friendly,tech house; house; bass house; deep house,,form,,https://www.labelradar.com/labels/insomniac/portal,,,Insomniac Records,2,"Insomniac's dedicated house/tech-house imprint since 2017. 'Rotate' compilation series runs into Vol. 15+ (2025), demonstrating sustained commissioning activity. Parent company Insomniac runs major US festivals (EDC, HARD) — label exposure translates directly to booking visibility. LabelRadar portal is the confirmed submission channel (labelradar.com/labels/insomniac/portal), one of the strongest cold-submit platforms in the industry. Actively accepting house, tech house, deep house, melodic techno.",https://www.labelradar.com/labels/insomniac/portal; https://findmylabels.com/insomniac-records/; https://www.insomniacmusicgroup.com/label/in-rotation/; https://www.beatport.com/label/in-rotation-insomniac-records/64140,2026-06-01,high
Stress Records,B,cold-demo-friendly,cold-demo-friendly,house; tech house; nu disco; deep house,,email,demos@stress-records.com,https://stress-records.com/contact/,,,,1,"Long-running UK-based house label run by Needwant Limited (also behind Future Disco). Very active through 2025-2026 (multiple Club Culture volumes; April 2026 releases confirmed on Bandcamp). Beatport and Beatsource presence strong. Known for artists like Ben Hemsley, Friend Within, Emily Nash. Has a Discord community for fans and the demo email is publicly listed on the official contact page — good accessibility signal.",https://stress-records.com/contact/; https://stressrecords.bandcamp.com/; https://www.beatport.com/label/stress-records/73655,2026-06-01,high
Sleazy Deep,B,cold-demo-friendly,cold-demo-friendly,deep house; house; nu disco; tech house,Rob Made,email,rob@sleazydeep.com,https://www.sleazydeep.com/,,,Sleazy G,2,"London-based collective founded 2011 by Rob Made. Nu skool disco, deep house funk and ultra-modern sonics — crossover appeal for US bass/house producers. Confirmed active in 2024: 'Everything Changes EP' released May 10 2024; 'CLUBTRAXX Vol 1' released April 12 2024 (both confirmed on Bandcamp). Beatport chart positions and Mixmag support documented. Sub-label Sleazy G features G-house artists including Amine Edge & DANCE and Shiba San, directly relevant to the bass-house crossover target.",https://www.sleazydeep.com/; https://sleazydeep.bandcamp.com/album/everything-changes-ep; https://ra.co/labels/7080,2026-06-01,high
Late Checkout Records,B,cold-demo-friendly,cold-demo-friendly,bass house; house; UK bass; garage,Chris Lorenzo,email,demos@latecheckout.info,https://www.latecheckout.info/demos,,,,1,"Founded 2022 by Chris Lorenzo (UK) with a clear bass house and garage-influenced identity. Active through Dec 2024: 'U Should Not Be Doing That' with Amyl & The Sniffers (Dec 2024), 'Pump' AC Slater Remix (Jul 2024). Strong Beatport presence in bass house genre. Has a dedicated /demos page (latecheckout.info/demos) that was indexed, indicating active intake. Direct crossover with US bass house scene via AC Slater collaboration; accessible to unknown artists.",https://www.latecheckout.info/demos; https://www.beatport.com/artist/chris-lorenzo/298551/releases; https://edmidentity.com/2022/07/22/chris-lorenzo-unveils-late-checkout-records-with-mami/,2026-06-01,medium
Good Enuff,B,cold-demo-friendly,cold-demo-friendly,bass house; future bass; house; dance,,email,demos@goodenuff.com,https://maddecent.com/pages/contact,,private SoundCloud links only,,1,"Mad Decent sub-label launched 2016 as a nimble release vehicle for emerging artists and quick-turn singles. Has bass house releases in its Beatport catalog (2 bass house EPs noted). Demos email is publicly listed and confirmed via two sources. However, the label's original model of daily free downloads via SoundCloud may have evolved — activity level in 2024-2025 is not fully confirmed. Listed here at medium confidence due to unclear current curation model.",https://labelsbase.net/good-enuff; https://www.beatport.com/label/good-enuff/55936; https://www.billboard.com/articles/news/dance/7333013/mad-decent-good-enuff-fossa-beats-echoes-dance,2026-06-01,medium
Glitterbox Recordings,A,cold-demo-friendly,cold-demo-friendly,soulful house; disco house; nu-disco; vocal house,Simon Dunmore,form,,https://www.labelradar.com/labels/glitterbox/portal,private SoundCloud link; WAV,"Submit via LabelRadar portal | Genre: soulful house, disco-influenced house, vocal house",,1,"Defected's premium soulful-house and disco sub-label; Purple Disco Machine, Mousse T., Folamour, The Shapeshifters. Officially opened submissions via LabelRadar in 2023 — the first time Defected/Glitterbox accepted cold demos. Strong Beatport, Traxsource and streaming credibility; major booking impact; scene royalty.",https://www.labelradar.com/labels/glitterbox/portal; https://www.beatportal.com/articles/155155-defected-records-is-now-open-for-demo-submissions-via-labelradar; https://defected.com/glitterbox,2026-06-01,high
Classic Music Company,A,cold-demo-friendly,cold-demo-friendly,deep house; classic house; soulful house; disco,Derrick Carter; Luke Solomon,form,,https://www.labelradar.com/labels/classicmusiccompany/portal,private SoundCloud link,Submit via LabelRadar portal | Classic / deep / soulful house only,,1,"Set up in 1994 by Derrick Carter and Luke Solomon — the originators of classic Chicago house — now operating as a Defected-distributed imprint. Honey Dijon, Eli Escobar, Red Rack'em, Juan Maclean. Elite scene respect, strong Beatport and booking pull, now fully open via LabelRadar.",https://www.labelradar.com/labels/classicmusiccompany/portal; https://ra.co/labels/17215; https://www.beatportal.com/articles/155155-defected-records-is-now-open-for-demo-submissions-via-labelradar,2026-06-01,high
Freerange Records,A,cold-demo-friendly,cold-demo-friendly,deep house; soulful house; house,Jimpster (Jamie Odell),email,info@freerangerecords.co.uk,https://www.freerangerecords.co.uk/,private SoundCloud link,Email with private SoundCloud link | Deep / soulful house focus,,1,"London-based deep house institution since 1997 — 28 years, 300+ EPs. Home to Jimpster, Detroit Swindle, Milton Jackson, Lovebirds, Manuel Tur. Beatport and Traxsource chart regular. Active as of June 2025 with new Jimpster/OVEOUS release. Premier scene credibility; genuinely reachable for unknown artists via email.",https://www.freerangerecords.co.uk/; https://labelsbase.net/freerange-records; https://essentialhouse.club/2025/06/jimpster-oveous-flo-on-freerange-records/,2026-06-01,medium
Delusions of Grandeur,A,cold-demo-friendly,cold-demo-friendly,deep house; soulful house; disco,Tom Roberts; Jimpster (Jamie Odell),email,hi@delusionsofgrandeur.com,https://delusionsofgrandeur.com/,private SoundCloud link,"Email via general contact | Deep, underground house and disco only",,1,"London's premier deep-house-and-disco boutique label since 2009. Tom Roberts and Jimpster curate with extreme care; Session Victim, Gerd, Levantine. Active through 2025 (Constellation EP Jan 2025). Beatport and Traxsource presence. Warm reputation for breaking unknown artists that fit the sound.",https://delusionsofgrandeur.com/; https://ra.co/labels/2975; https://www.traxsource.com/label/3531/,2026-06-01,medium
Local Talk,A,cold-demo-friendly,cold-demo-friendly,deep house; classic house; soulful house,Mad Mats; Tooli,dm,,https://localtalk.bandcamp.com/,private SoundCloud link,Use Bandcamp contact form or reach out via social channels | Classic / soulful deep house,,1,Stockholm-based deep-house label run by Mad Mats and Tooli since 2009; lauded for bringing Scandinavian deep house to global dancefloors. Active on Beatport and Traxsource with 2024-2025 releases. Both founders personally listen to every demo. Scene respect among deep house purists.,https://localtalk.bandcamp.com/; https://ra.co/labels/6275; https://levisiteuronline.com/featured-artists/the-wonderful-world-of-local-talk-an-interview-with-tooli/,2026-06-01,medium
Dirt Crew Recordings,B,cold-demo-friendly,cold-demo-friendly,deep house; house; electronica,Dirt Crew (Berlin),email,demo@dirtcrew.net,https://www.dirtcrew.net/pages/contact,private SoundCloud link,Private SoundCloud links only | Allow 2-3 weeks for response | Every demo is listened to,,1,"Berlin-based deep-house label since 2004, 200+ releases. Selection 2024 compilation released Dec 2024 — definitively active. Beatport and Traxsource listed. Known for working with unknown artists across genres. Published demo email and turnaround promise publicly on their website.",https://www.dirtcrew.net/pages/contact; https://dirtcrew.bandcamp.com/album/selection-2024; https://labelsbase.net/dirt-crew-recordings,2026-06-01,high
Z Records,B,cold-demo-friendly,cold-demo-friendly,deep house; soulful house; disco; nu-disco,Dave Lee (Joey Negro),email,gordon@zrecords.ltd.uk,https://www.zrecords.ltd.uk/contact/,streaming link (no MP3 attachments),Send links — NOT MP3s | Email gordon@zrecords.ltd.uk,,1,"Founded 1990 by Dave Lee (Joey Negro); one of the longest-running UK soul/house labels. Z Records sits at the intersection of deep house, nu-disco and soulful house — perfectly aligned. Beatport presence, regular DJ chart appearances. Open to unknown artists; demo email published publicly.",https://www.zrecords.ltd.uk/contact/; https://labelsbase.net/z-records-4894; https://www.demolist.app/table-1-details/z-records-demo-submission/r/rec75yoLs4XKpzi4U,2026-06-01,high
Razor-N-Tape,B,cold-demo-friendly,cold-demo-friendly,deep house; disco; nu-disco; classic house,JKriv; Aaron Dae,email,tapey@razor-n-tape.com,https://razor-n-tape.bandcamp.com/,private SoundCloud link,Private SoundCloud links only,,1,"Brooklyn-born disco and deep house label since 2012. Known for original house, disco edits and compilations. Family Affair Vol. 4 dropped Dec 2024 — definitively active. 100+ releases, Beatport and Traxsource presence. Known to bring in fresh talent; accessible demo contact.",https://labelsbase.net/razor-n-tape-records; https://razor-n-tape.bandcamp.com/album/family-affair-vol-4; https://ra.co/labels/8037,2026-06-01,medium
Shall Not Fade,B,cold-demo-friendly,cold-demo-friendly,deep house; house; soulful house; UK house,,form,,https://docs.google.com/forms/d/e/1FAIpQLScnxR3qcD4b-T2Om0iE0E124hLZYc1a_B51IM37OZUDHlvK9A/viewform,private SoundCloud playlist,Artist name | Instagram handle | Previous label history | Private SoundCloud playlist link (as many tracks as possible) | Email address | Additional info / planned releases,Time Is Now; Lost Palms,3,"Bristol-based label launched Dec 2015. Active release schedule on Beatport and Traxsource. Runs a dedicated Google Form for demo submissions — one of the most open, artist-friendly submission systems for underground house. Covers SNF, Time Is Now, Lost Palms sub-labels. Scene respect among UK house community.",https://linktr.ee/shallnotfade; https://docs.google.com/forms/d/e/1FAIpQLScnxR3qcD4b-T2Om0iE0E124hLZYc1a_B51IM37OZUDHlvK9A/viewform; https://ra.co/labels/12884,2026-06-01,high
Wolf Music Recordings,B,cold-demo-friendly,cold-demo-friendly,deep house; soulful house; disco,Matt Neale; Stu Clark,email,mattwolfmusic@gmail.com,https://wolfmusicrecords.com/,private SoundCloud link,Email Matt Neale directly,,1,"UK-based independent deep house and disco label since 2009. Active through 2025-2026 (Tom Esselle EP Feb 2026, Beatportal Hype Label of the Month). Frits Wentink, Retromigration, Harold Heath. Genuine underground credibility; Beatport and Traxsource presence. One of the most respected UK deep house boutique labels.",https://wolfmusicrecords.com/; https://www.juno.co.uk/junodaily/2026/02/09/tom-esselle-on-second-wolf-music-outing-its-a-vocal-sample-i-knew-i-wanted-to-give-the-deep-house-treatment/; https://www.beatportal.com/articles/1047993-hype-label-of-the-month-wolf-music-recordings,2026-06-01,low
Toy Tonics,B,cold-demo-friendly,cold-demo-friendly,deep house; disco; nu-disco; Italo house; indie dance,Kapote,email,info@toytonics.de,https://www.toytonics.de/,private SoundCloud link,"Private SoundCloud links only | EP format preferred — vinyl and digital | Avoid trend-chasing: timeless, personal touch",,1,"Berlin-based independent label and culture crew since 2012. Monthly EPs on vinyl and digital. Releases Kapote, Alma Negra, Harvey Sutherland remixes. Italomania Vol. 3 (2024) and consistent 2025 releases confirm active status. Beatport, Traxsource, Kompakt distribution. Known for eclectic, funky, disco-influenced house.",https://labelsbase.net/toy-tonics; https://www.toytonics.de/releases/; https://ra.co/labels/8763,2026-06-01,medium
Permanent Vacation,B,cold-demo-friendly,cold-demo-friendly,disco; nu-disco; Balearic; cosmic house; deep house,Tom Bioly; Benjamin Fröhlich,email,info@perm-vac.com,https://perm-vac.com/about/,streaming link,Label cannot return unsolicited material unless stamped addressed envelope included | Do not send physical material without return envelope,,1,"Munich/Berlin label since 2006 run by Tom Bioly and Benjamin Fröhlich. Premier European disco and cosmic house imprint. Selected Label Works 12 released Dec 2025, confirming current activity. Strong Beatport, Traxsource, and streaming presence. Respected across the Balearic/disco/deep spectrum; open to unsolicited demos.",https://perm-vac.com/about/; https://labelsbase.net/permanent-vacation; https://perm-vac.bandcamp.com/album/permanent-vacation-selected-label-works-12,2026-06-01,high
Soul Clap Records,B,cold-demo-friendly,cold-demo-friendly,deep house; soulful house; funk; R&B house,"Soul Clap (Eli Goldstein, Charles Levine)",email,records@soulclap.us,https://soulclaprecords.bandcamp.com/,private SoundCloud link,Email to records@soulclap.us,,1,"Boston-based label founded on deep house and soul. Soul Clap Records was started specifically because they were receiving outstanding demos — demos drive the label. Active in 2024-2025 (Amazement Aug 2024, EcoSystemS Mar 2024). Beatport and Traxsource presence. Famous duo run it personally.",https://soulclaprecords.bandcamp.com/; https://soundcloud.com/soulclaprecs; https://www.beatport.com/label/soul-clap-records/28686,2026-06-01,medium
Aus Music,A,cold-demo-friendly,cold-demo-friendly,deep house; melodic house; leftfield house,Will Saul,email,info@ausmusic.co.uk,https://ausmusic.co.uk/,private SoundCloud link,Private SoundCloud links only,,1,London label founded 2006 by Will Saul (Simple Records) and Fink. Celebrated 200th release in 2024 with celebratory EP series; Sunchaser released Feb 2026 — definitively active. Beatport top-selling deep house. 'Label of the Month' April 2025 on Beatportal. Releases club-ready music with cultured edge. Genuinely listens to demos.,https://labelsbase.net/aus-music; https://www.beatportal.com/articles/882742-label-of-the-month-aus-music; https://ra.co/labels/796,2026-06-01,medium
King Street Sounds,A,cold-demo-friendly,cold-demo-friendly,soulful house; deep house; vocal house; classic house,Hisa Ishioka,email,rich@kingstreetsounds.com,https://www.kingstreetsounds.com/,private SoundCloud link,Private SoundCloud links only | Soulful/deep house focus,Nite Grooves; Street King,3,"Founded 1993 at the Paradise Garage era in NYC; one of the oldest and most respected independent house labels. Under Armada Music partnership since 2024. House Music Royalty documentary Dec 2024. Dennis Ferrer, David Morales, Ultra Naté alumni. Beatport, Traxsource, Armada distribution. Premium scene legitimacy. Sub-labels Nite Grooves and Street King also reach.",https://labelsbase.net/king-street-sounds; https://www.kingstreetsounds.com/; https://news.armadamusic.com/236383-armada-music-relaunches-legendary-king-street-sounds-label/,2026-06-01,medium
Skylax Records,B,cold-demo-friendly,cold-demo-friendly,deep house; house; classic house,Hardrock Striker,email,contact@skylaxrecords.com,https://skylaxrecords.com/en/nous-contacter,streaming link; file attachment via contact form,Use contact form at skylaxrecords.com/en/nous-contacter | Or email contact@skylaxrecords.com,,1,French label since 2004 run by Hardrock Striker; mission to release timeless music that stands apart. Skylax Mega Bundle Dec 2024 confirms active. Beatport and Traxsource listed. Bridge.audio submission directory active. Nurtures emerging artists alongside seasoned DJs. Underground European house credibility.,https://skylaxrecords.com/en/nous-contacter; https://labelsbase.net/skylax-records; https://skylaxrecords.bandcamp.com/album/skylax-records-mega-bundles-bandcamp-exclusive,2026-06-01,high
Heist Recordings,B,needs-warm-intro,needs-warm-intro,deep house; soulful house; underground house,"Dam Swindle (Lars Douwes, Maarten Smeets)",unknown,,https://heistrecordings.myshopify.com/pages/contact,,Use general contact form on website | No dedicated demo email confirmed,,1,"Amsterdam label founded by Dam Swindle — champions of underground house, Cinthie, DJ Sneak, Byron the Aquarius, Crackazat. Compilation of biggest anthems released Aug 2024 confirms active. Beatport and Traxsource presence. Strong scene respect and booking pull. However, known to receive far more demos than they can handle.",https://heistrecordings.bandcamp.com/; https://ra.co/labels/9847; https://909originals.com/2024/08/04/dam-swindle-release-compilation-of-heist-recordings-biggest-anthems/,2026-06-01,low
Nurvous Records,B,cold-demo-friendly,cold-demo-friendly,nu-disco; indie dance; disco; deep house,Andrew Salsano,email,andrew@nervousnyc.com,https://nervousnyc.com/,private SoundCloud link,Private SoundCloud links only | Indie dance / nu-disco focus for Nurvous specifically,,1,NYC sub-label of Nervous Records since 2011; focuses on indie dance and nu-disco — sits squarely in the disco/deep house crossover zone. 1518+ Beatport releases; active through 2024-2025 per Beatport catalog. Accessible via the Nervous Records A&R contact. Accessible to unknown artists in the indie dance/nu-disco space.,https://labelsbase.net/nurvous-records; https://nervousnyc.com/about/; https://www.beatport.com/label/nurvous-records/20953,2026-06-01,medium
D4 D4NCE,A,cold-demo-friendly,cold-demo-friendly,deep house; soulful house; underground house,Defected Records,form,,https://www.labelradar.com/labels/d4d4nce/portal,private SoundCloud link; WAV,Submit via LabelRadar portal | Underground house focus,,1,Defected sub-label focused on underground house with commercial appeal. Part of the same Defected LabelRadar ecosystem as Glitterbox and Classic Music Company — one submission potentially reaching multiple Defected imprints. Active releases on Beatport. Good entry point for deep house artists targeting the Defected ecosystem without competing directly with the main imprint.,https://www.labelradar.com/labels/d4d4nce/portal; https://www.beatportal.com/articles/155155-defected-records-is-now-open-for-demo-submissions-via-labelradar; https://edmhousenetwork.com/iconic-house-music-label-defected-records-partners-with-labelradar-to-discover-new-talent/,2026-06-01,high
Spinnin' Records,ELITE,cold-demo-friendly,cold-demo-friendly,house; tech-house; progressive-house; big-room; future-house,Roger de Graaf (A&R); Eelko van Kooten (CEO),form,demo@spinninrecords.nl,https://spinninrecords.com/talentpool/,private SoundCloud link,"Original tracks only, no remixes/bootlegs | Submit via Talent Pool platform or email with private SoundCloud link | One track per week limit on Talent Pool | Must be 18+ or have parental consent | 3-month exclusivity window",Spinnin' Deep,2,"World's leading dance label with massive Beatport chart presence, global festival reach, and an open Talent Pool platform that actively signs unknown artists. Active tech-house and house releases in 2025. 3-month review window, weekly A&R feedback.",https://labelsbase.net/spinnin-records; https://spinninrecords.com/talentpool/; https://www.labelradar.com/labels/spinninrecords/portal,2026-06-01,high
Spinnin' Deep,A,cold-demo-friendly,cold-demo-friendly,house; tech-house; deep-house; future-house,Spinnin' Records A&R team,form,demo@spinninrecords.nl,https://spinninrecords.com/talentpool/,private SoundCloud link,"Submit via Talent Pool portal or email with private SoundCloud link | Tech House, House, Deep House accepted",,1,"House/tech-house sublabel of the world's biggest dance label. Active with tech-house releases in 2025 (e.g., Joshwa 'Say My Name'). Shares the Talent Pool submission pipeline — slightly less competitive than main Spinnin' Records for underground-leaning house.",https://labelsbase.net/spinnin-deep; https://findmylabels.com/spinnin-deep/; https://spinninrecords.com/talentpool/,2026-06-01,high
Insomniac Records,ELITE,cold-demo-friendly,cold-demo-friendly,house; tech-house; melodic-house; melodic-techno; progressive-house,Pasquale Rotella (founder/CEO),form,,https://www.labelradar.com/labels/insomniac/portal,SoundCloud link; audio file via LabelRadar,"Submit via LabelRadar portal | House, Tech House, Melodic Techno, Progressive House accepted",IN / ROTATION; HARD Recs; Factory 93,3,"Flagship label of Insomniac Music Group — the dominant US festival company (EDC, HARD). Strong Beatport chart presence, massive festival placement, direct career catalyst for unknown artists. Has active LabelRadar portal. Covers deep house, tech house, melodic across their group labels.",https://www.labelradar.com/labels/insomniac/portal; https://findmylabels.com/insomniac-records/; https://www.insomniacmusicgroup.com/label/insomniac-records/,2026-06-01,high
STMPD RCRDS,A,cold-demo-friendly,cold-demo-friendly,house; tech-house; progressive-house; festival-house,Martin Garrix (founder),form,hello@martingarrix.com,https://demo.stmpdrcrds.com/,SoundCloud link (private),"Original tracks only — no remixes, no bootlegs | Must connect SoundCloud account to submit via portal | Submit once",,1,Martin Garrix's own imprint with massive streaming and festival reach. Has a dedicated public demo-drop portal. Active releases in 2025. Strong Tomorrowland and festival alignment. Career-launching for lesser-known acts.,https://demo.stmpdrcrds.com/; https://labelsbase.net/stmpd-rcrds; https://www.festivalling.com/uncategorized/stmpd-rcrds-announces-demo-drop/,2026-06-01,high
Armada Music,ELITE,cold-demo-friendly,cold-demo-friendly,house; tech-house; progressive-house; trance; melodic-house,Maykel Piron (CEO); Armin van Buuren (co-founder),form,demo@armadamusic.com,https://demodrop.armadamusic.com/,private SoundCloud link,"Include artist background, achievements, track description, music style in under 10 sentences | Private SoundCloud link preferred | Also accepts via LabelRadar",Armada Subjekt,2,"One of the world's largest independent dance labels. Home to Armada Subjekt (house/tech-house), Armada Captivating, and more. Strong Beatport chart presence, streaming credibility, and open demo intake via DemoDrop platform.",https://demodrop.armadamusic.com/; https://www.armadamusic.com/news/how-to-submit-your-demo; https://labelsbase.net/armada-music; https://www.labelradar.com/labels/armadamusic/profile,2026-06-01,high
Armada Subjekt,A,cold-demo-friendly,cold-demo-friendly,house; tech-house,Armada A&R team,email,demo@armadamusic.com,https://demodrop.armadamusic.com/,private SoundCloud link,Email with subject line: 'Demo for Armada Subjekt' | Private SoundCloud link | Or submit via demodrop.armadamusic.com,,1,"Armada Music's dedicated house and tech-house imprint. Active with 2025 releases (Miami, Ibiza compilations). Strong Beatport and streaming presence. Shares submission pipeline with Armada parent — directly accessible.",https://labelsbase.net/armada-subjekt; https://www.armadamusic.com/labels/armada-subjekt; https://www.beatport.com/label/armada-subjekt/60906,2026-06-01,high
Musical Freedom,A,cold-demo-friendly,cold-demo-friendly,house; bass-house; big-room; electro-house; future-house,Tiësto (founder/owner),email,demos@musicalfreedom.com,,private SoundCloud link,Private SoundCloud link only | Original tracks preferred,,1,"Tiësto's own imprint with strong streaming, festival and radio reach. Multiple recent releases. Publicly listed demo email confirmed via official Twitter post and secondary sources. Good discovery vehicle for crossover house acts.",https://twitter.com/musicalfreedom/status/172052520523403265; https://labelsbase.net/musical-freedom; https://findmylabels.com/musical-freedom-records/,2026-06-01,medium
mau5trap,A,cold-demo-friendly,cold-demo-friendly,house; progressive-house; techno; electro-house; melodic-techno,deadmau5 (founder); Steve Duda,form,demos@mau5trap.com,https://www.labelradar.com/labels/mau5trap/portal,SoundCloud link (private); file upload via LabelRadar,"Submit only one song at a time | Original work only | Progressive house, techno, electro house preferred",,1,"deadmau5's imprint with decades of dance music credibility. Active LabelRadar portal confirmed. 'We Are Friends Vol. 12' compilation launched 2026 as explicit open call for unknown artists — strong discovery track record (REZZ, Kasablanca, i_o). Active releases in 2025-2026.",https://www.beatportal.com/articles/963663-mau5trap-seeks-demos-we-are-friends-compilation-series; https://www.labelradar.com/labels/mau5trap/portal; https://findmylabels.com/mau5trap/; https://edm.com/news/mau5trap-seeking-producer-submissions-new-we-are-friends-compilation/,2026-06-01,high
Protocol Recordings,A,cold-demo-friendly,cold-demo-friendly,house; progressive-house; electro-house; big-room,Nicky Romero (founder),form,demo@protocolrecordings.com,https://protocol-recordings.com/demo/,private SoundCloud link,"Exclusivity required — do not submit same demo to other labels simultaneously | No bootlegs, mash-ups, or promos | Submit via on-page widget or LabelRadar | Submit only once; allow up to 30 days for response",Protocol Lab,2,"Nicky Romero's imprint with strong festival and streaming reach. Fully open demo submission page on official site, plus LabelRadar. Regularly gives public demo feedback on Twitch. Active releases in 2025.",https://protocol-recordings.com/demo/; https://labelsbase.net/protocol-recordings; https://www.labelradar.com/labels/protocolrecordings/profile,2026-06-01,high
HEXAGON,A,cold-demo-friendly,cold-demo-friendly,house; future-house; bass-house; electro-house,Don Diablo (founder/A&R),form,demo@dondiablo.com,https://www.hexagonhq.com/,private SoundCloud link; file upload via Trackstack,"House, Bass House, Club Bangers preferred | Submit via Trackstack on hexagonhq.com | Don Diablo personally reviews submissions",,1,"Don Diablo's own label celebrating 10 years in 2025. Strong Beatport chart presence, Hexagon Radio in 68+ countries, and Tomorrowland residency. Entered 'HEXAGON 2.0' era 2025. Claims Don opens every demo personally. Active house/future-house releases.",https://www.hexagonhq.com/; https://labelsbase.net/hexagon; https://x.com/hexagonhq/status/717464958544580609; https://edm.com/news/don-diablo-new-hexagon-era/,2026-06-01,high
Smash The House,A,cold-demo-friendly,cold-demo-friendly,house; big-room; electro-house; festival-house,Dimitri Vegas (co-founder); Like Mike (co-founder),email,demo@smashthehouse.com,,private SoundCloud link,Private SoundCloud links only,Generation Smash; Smash Deep,2,Dimitri Vegas & Like Mike's label with massive festival footprint (Tomorrowland headliners). Active releases in 2025. Weekly radio show with 655+ episodes. Has Generation Smash sublabel for emerging artists. Open demo email confirmed via labelsbase.net.,https://labelsbase.net/smash-the-house; https://www.1001tracklists.com/tracklist/26fn11d9/dimitri-vegas-like-mike-smash-the-house-radio-655-2025-12-19.html; https://www.beatport.com/label/smash-the-house-official/82378,2026-06-01,high
Monstercat Silk,B,cold-demo-friendly,cold-demo-friendly,house; progressive-house; deep-house; melodic-house; chillout,Monstercat A&R team,form,,https://www.labelradar.com/labels/monstercatsilk/portal,audio file via LabelRadar,"Submit original work only | Progressive House, Deep House, House, Chillout accepted",,1,"Monstercat's house and progressive imprint. Active 2025 releases (Silk Selections 06, Dec 2025). Fully open LabelRadar portal. Strong Spotify editorial and streaming presence. Acquired from Silk Music label, legitimate progressive house home for emerging producers.",https://www.labelradar.com/labels/monstercatsilk/portal; https://labelsbase.net/monstercat-silk; https://www.monstercat.com/silk; https://www.beatport.com/label/silk-music/13068,2026-06-01,high
Future House Music,B,cold-demo-friendly,cold-demo-friendly,future-house; bass-house; house; tech-house,Future House Music A&R team,form,,https://www.tstack.app/futurehousemusic,audio upload via Trackstack,Submit via Trackstack platform | Also accepts via LabelRadar: labelradar.com/labels/futurehousemusic/portal,Future House Cloud,2,"Specialist label and community with Beatport chart presence and strong streaming reach. Active label with 2025 releases on Traxsource. Known for supporting unknown artists via monthly demo drops, feedback sessions, and community events.",https://futurehousemusic.com/home/submit-your-demo/; https://www.labelradar.com/labels/futurehousemusic/portal; https://www.traxsource.com/label/27129/future-house-music,2026-06-01,medium
This Ain't Bristol,B,cold-demo-friendly,cold-demo-friendly,tech-house; house; uk-house,Maximono (co-founder); Jay Haze (co-founder),email,demos@thisaintbristol.com,,private SoundCloud link,Private SoundCloud links only,,1,"Specialist tech-house/UK-influenced house label from Hannover, Germany. Active June 2025 releases on Beatport. Strong scene respect, Insomniac feature ('Cut from the Catalog'). Explicitly demo-friendly — publicly stated they don't care about name recognition, only music quality.",https://labelsbase.net/this-aint-bristol; https://www.beatport.com/label/this-aint-bristol/46486; https://bizarreculture.com/label-feature-this-aint-bristol/; https://www.insomniac.com/music/cut-from-the-catalog-this-aint-bristol/,2026-06-01,high
Sirup Music,B,cold-demo-friendly,cold-demo-friendly,house; tech-house; deep-house; melodic-house; progressive-house,DJ EDX / Maurizio Colella (founder),email,promo@sirupmusic.com,https://www.labelradar.com/labels/sirupmusic/portal,private SoundCloud link,Private SoundCloud links only when using email | Also accepts via LabelRadar and DemoDrop (sirupmusic.demodrop.com),,1,"Switzerland's leading dance label, founded 2001, with 2B+ streams, Ibiza and Las Vegas residencies, and nearly 15,000 works in catalog. Active Miami, Ibiza, and 'Best of' compilations in 2025. Strong Beatport chart presence across house/tech-house. Open LabelRadar and DemoDrop submission channels.",https://labelsbase.net/sirup; https://www.labelradar.com/labels/sirupmusic/portal; https://magneticmag.com/2026/03/edx-interview/; https://www.beatport.com/label/sirup-music/14708,2026-06-01,high
Enormous Tunes,B,cold-demo-friendly,cold-demo-friendly,house; progressive-house; melodic-house,Chris Reece (A&R / founder),form,demo.etr@gmail.com,https://docs.google.com/forms/d/e/1FAIpQLSeqFSQszOxYuOMwiP52kDo9QGJRz7UV50t_QIN8h2KM2QX-mw/viewform,private SoundCloud link,Submit via Google Form or LabelRadar | Private SoundCloud links when using email,,1,Zürich-based house and progressive house label founded 2005. Home to Nora En Pure. Active 2025 releases ('The Yearbook 2025'). LabelRadar portal open. Strong Beatport and streaming credibility. Swiss label with global reach in melodic/progressive house.,https://www.enormoustunes.com/contact; https://labelsbase.net/enormous-tunes; https://www.labelradar.com/labels/enormoustunes/portal; https://www.beatport.com/label/enormous-tunes/10907,2026-06-01,high
SKINK Records,B,cold-demo-friendly,cold-demo-friendly,house; bass-house; tech-house; mainstage,Showtek (founders — Wouter and Sjoerd Janssen),email,skink@2-dutch.nl,https://skinkrecords.com/,private SoundCloud link,Private SoundCloud links only | Familiarize with Skink's sound and catalog before submitting,,1,Showtek's 'hybrid label in dance music'. Active releases in 2025. Strong Beatport chart presence (bass house/house). Has official submit-demo page and confirmed email. Note: genre leans toward bass house — best fit for producers with energy-forward house and tech house.,https://labelsbase.net/skink; https://virpp.com/hello/how-to-submit-your-demo-to-skink-interview-with-skink-records/; https://skinkrecords.com/; https://www.beatport.com/label/skink-records/79396,2026-06-01,medium
Tomorrowland Music,ELITE,needs-warm-intro,needs-warm-intro,house; tech-house; big-room; festival-house; melodic-techno,Tomorrowland A&R team,form,,https://www.labelradar.com/labels/tomorrowlandacademy/portal,audio file via LabelRadar,Submit to Tomorrowland Academy (open demo portal) as entry point to Tomorrowland Music ecosystem,Tomorrowland Academy,2,"Official label of the world's most prestigious electronic music festival. Active 2025 releases on Beatport featuring Afrojack, R3HAB, Timmy Trumpet. Massive streaming credibility. Tomorrowland Academy sublabel accepts demos openly; main label appears to require existing relationships.",https://www.labelradar.com/labels/tomorrowlandacademy/portal; https://www.beatport.com/label/tomorrowland-music/98617; https://www.facebook.com/Tomorrowlandmusiclabel/,2026-06-01,medium
This Never Happened,A,cold-demo-friendly,cold-demo-friendly,melodic house; deep house; indie dance,Lane 8 (Daniel Goldstein),email,lane8music@gmail.com,,private SoundCloud link,Private SoundCloud links only | No download links,,1,"Lane 8's own imprint — the definitive melodic/emotional deep house label from San Francisco. Strong Beatport presence, international touring brand, known for signing unknown artists who fit the emotional-melodic aesthetic. Demo email published publicly on labelsbase.",https://labelsbase.net/this-never-happened; https://www.this-never-happened.com/; https://ra.co/labels/13733,2026-06-01,medium
Sudbeat Music,A,cold-demo-friendly,cold-demo-friendly,progressive house; melodic techno; deep progressive,Hernan Cattaneo,email,demos@sudbeat.com,,private SoundCloud link,Private SoundCloud links only,,1,"Hernan Cattaneo's flagship label — one of the most respected progressive house imprints globally. Consistently charts on Beatport, releases from GMJ, Franky Wah, and many emerging South American and international artists. Strong Beatport and streaming presence. Active through 2025.",https://labelsbase.net/sudbeat-music; https://ra.co/labels/2584; https://www.beatport.com/label/sudbeat-music/12968,2026-06-01,medium
Last Night On Earth,A,cold-demo-friendly,cold-demo-friendly,progressive house; melodic techno; deep house,Sasha,email,adam@djsasha.com,,private SoundCloud link,Private SoundCloud links only,,1,"Sasha's own imprint, known for breaking artists like Cristoph, BAILE, John Monkman, dubspeeka, and Undercatt. Strong Beatport presence and scene credibility. Clearly accessible: demo email is publicly listed and multiple secondary sources corroborate it.",https://labelsbase.net/last-night-on-earth; https://ra.co/labels/6681; https://lnoearth.com/,2026-06-01,medium
Selador Recordings,A,cold-demo-friendly,cold-demo-friendly,progressive house; melodic techno; deep house; techno,Dave Seaman; Steve Parry,email,steve@seladorrecordings.com,https://seladorrecordings.com/contact/,private SoundCloud link; streaming link,No specific format mandated but private SoundCloud links preferred | Receives hundreds of tracks daily — no guarantee of reply,,1,"Dave Seaman and Steve Parry's imprint launched 2013 — 'all colours of house and techno and those in-between.' Strong Beatport presence, radio show (Selador Sessions running through 2025), highly respected in progressive and melodic scenes. Explicitly accepts cold demos.",https://seladorrecordings.com/contact/; https://labelsbase.net/selador; https://ra.co/labels/,2026-06-01,high
Bedrock Records,A,cold-demo-friendly,cold-demo-friendly,progressive house; melodic techno; techno,John Digweed; Nick Muir,email,bedrockinfo@mac.com,,private SoundCloud link,Private SoundCloud links only,,1,Founded 1999 — one of the most storied progressive house labels. Active through 2025 with new releases (Bedrock Collection 2024/2025). Beatport Label of the Month Dec 2025. Consistently signs emerging talent alongside established names. Demo email publicly listed.,https://labelsbase.net/bedrock-records; https://ra.co/labels/1; https://electronicgroove.com/label-of-the-month-dec-2025-bedrock-records/,2026-06-01,medium
Stil vor Talent,A,cold-demo-friendly,cold-demo-friendly,melodic house; deep house; tech house; melodic techno,Oliver Koletzki,email,demo@stilvortalent.de,https://stilvortalent.de/,private SoundCloud link,Private SoundCloud links only | music@stilvortalent.de also listed as general music contact,,1,"20-year-old Berlin label founded by Oliver Koletzki. Beatport Label of the Month July 2025. Packed release schedule through April 2026. Strong Beatport presence, booking agency, community hub. Accepts cold demos — dedicated demo@ email confirmed on official site.",https://labelsbase.net/stil-vor-talent; https://stilvortalent.de/; https://www.beatportal.com/articles/981598-label-of-the-month-stil-vor-talent,2026-06-01,high
Steyoyoke,A,cold-demo-friendly,cold-demo-friendly,melodic house; melodic techno; organic house; progressive house,Soul Button,form,demo@steyoyoke.com,https://www.steyoyoke.com/submit-your-demo/,private SoundCloud playlist link,"Private SoundCloud playlist links ONLY | Music must be submitted EXCLUSIVELY to Steyoyoke — no simultaneous submissions to other labels or DJs | Select from: Steyoyoke, Steyoyoke Black, or Inner Symphony",Steyoyoke Black; Inner Symphony,3,"Berlin label founded by Soul Button with three imprints (Steyoyoke, Steyoyoke Black, Inner Symphony). Active Beatport presence, dedicated submission form on own website — one of the most transparent submission processes in this slice. Releases melodic/organic and ethereal techno.",https://www.steyoyoke.com/submit-your-demo/; https://labelsbase.net/steyoyoke; https://ra.co/labels/7514,2026-06-01,high
Einmusika Recordings,A,cold-demo-friendly,cold-demo-friendly,melodic house; melodic techno; progressive house; deep house,Einmusik (Samuel Kindermann),email,demo@einmusika.com,https://einmusika.com/demos/,streaming link; direct link,No download links with captcha — streaming or direct links only | Listen to label releases before submitting | Include brief artist background | Physical CDs can be mailed to Berlin office,,1,"Berlin label by producer Einmusik — active since 2008, consistently releasing on Beatport through 2025. Known for handpicking global talent (Solee, Apropos, shel·ly, Adina Nova). Dedicated demos page on own website with explicit submission instructions — transparent and cold-demo friendly.",https://einmusika.com/demos/; https://labelsbase.net/einmusika-recordings; https://ra.co/labels/2087,2026-06-01,high
Mango Alley,B,cold-demo-friendly,cold-demo-friendly,progressive house; melodic techno; organic house; downtempo,Steven Flynn,form,demo@themangoalley.com,https://www.labelradar.com/labels/themangoalley/portal,LabelRadar upload; email with streaming link,Submit via LabelRadar portal or email demo link,,1,"Digital imprint established 2008, showcasing progressive house, melodic techno and organic house. Active LabelRadar portal (confirmed via LabelRadar profile) and direct demo email. Recent label showcase 2025. Based in Japan/international. Genre-perfect fit for the melodic slice.",https://labelsbase.net/mango-alley; https://www.labelradar.com/labels/themangoalley/portal; https://www.instagram.com/labelradar/p/DL5BOQRI9tc/,2026-06-01,high
Akbal Music,B,cold-demo-friendly,cold-demo-friendly,organic house; melodic house; deep house; afro house,Robbie Akbal,email,info@akbalmusic.com,,private SoundCloud link,Private SoundCloud links only,Akbal Music Editions,2,"Founded 2006 in Playa del Carmen, now Barcelona-based. Active releases through Feb 2025. Known for organic, afro-tinged and deep melodic house — strong fit for the organic/afro-downtempo subset of this slice. Has released Nick Curly, Audiofly, Afrilounge. Also has sub-label Akbal Music Editions.",https://labelsbase.net/akbal-music; https://ra.co/labels/1365; https://www.beatport.com/label/akbal-music/3833,2026-06-01,medium
Univack Records,B,cold-demo-friendly,cold-demo-friendly,progressive house; melodic techno; organic house; electronica,,email,contact@univack.com,,private SoundCloud link,"Private SoundCloud links only | Prefer more than 1-2 finished tracks in submission | Ensure best sound quality before submitting | If no response within 7 days, assume not a fit this time",,1,"Seville-based label focused on 'Wide Range Melodic Music: Techno, Prog techno, Emotive vibrations and (real) Prog-House Music.' Active through 2025–2026 on Beatport (266 progressive house tracks catalogued). Explicitly listens to all demos, 7-day turnaround policy. Accessible to unknowns.",https://labelsbase.net/univack; https://findmylabels.com/univack-records/; https://univack.com/,2026-06-01,medium
microCastle,B,cold-demo-friendly,cold-demo-friendly,progressive house; melodic techno; deep progressive; electronica,Mitch Alexander,email,microcastlemusic@gmail.com,,private SoundCloud link,Private SoundCloud links only,,1,"Toronto-based independent imprint since ~2008. Vinyl, cassette and digital releases. Active through 2024 (new release August 2024, RA profile active). Known for cutting-edge melodic progressive/electronica — borderless, artist-first ethos. Accessible via email.",https://labelsbase.net/microcastle; https://ra.co/labels/2621; https://microcastle.bandcamp.com/,2026-06-01,medium
Colorize (Enhanced),A,cold-demo-friendly,cold-demo-friendly,progressive house; melodic house; deep house,,form,,https://labels.demmo.link/colorize/submit,Demmo upload platform,Submit via Demmo platform | Music goes directly into Enhanced's official A&R workflow,,1,"Progressive/melodic sub-imprint of Enhanced Music. Very active in 2025 — Spring Sampler, Modera album, Falden EP, multiple Beatport chart entries. Part of a major independent label group with real A&R infrastructure. Has an active Demmo submission portal replacing old label-worx DemoBox.",https://basicwavez.com/enhanced-colorize-demo-submission/; https://labelsbase.net/colorize-enhanced; https://www.beatport.com/label/colorize-enhanced/22655,2026-06-01,medium
Zerothree,B,cold-demo-friendly,cold-demo-friendly,progressive house; melodic house; melodic techno,Jamie (label manager),form,jamie@zerothreemusic.com,https://www.labelradar.com/labels/zerothreemusic/portal,LabelRadar upload,Submit via LabelRadar portal | Quarterly EP selection from unsigned artists via Wavo demo chart,,1,"UK progressive house imprint founded 2014. Very active in 2025 (Nihil Young, P.O.U., Diana Miro releases, Year Mix 2025). Unique open EP pipeline: releases quarterly EPs from unsigned artists handpicked from a Wavo demo chart. Excellent breakout vehicle for unknowns. Confirmed multiple submission routes.",https://labelsbase.net/zerothree; https://www.labelradar.com/labels/zerothreemusic/portal; https://wavo.me/zerothree/demo-submission-chart/top-last-21-days,2026-06-01,high
Siamese,ELITE,cold-demo-friendly,cold-demo-friendly,melodic techno; melodic house; deep house,Adriatique (Adrian Shala & Adrian Schweizer); Alex Knoblauch,email,siamesedemo@gmail.com,,streaming link; private SoundCloud link,,,1,"Zürich-based label by Adriatique launched 2016 — one of the defining imprints of the melodic techno/house wave. Active 2025 (Beatport releases confirmed: Ajna/Samm 'Yours to Take' May 2025). Renowned Beatportal and RA credibility, booking impact through Adriatique's international profile. Accepts demo submissions.",https://labelsbase.net/siamese-music; https://music.cliggo.com/label/1085399-Siamese/info; https://www.beatport.com/label/siamese/58379,2026-06-01,medium
Anjunabeats,A,cold-demo-friendly,cold-demo-friendly,progressive house; melodic house; trance; melodic techno,Above & Beyond,form,demos@anjunabeats.com,https://www.labelradar.com/labels/anjunabeats/portal,LabelRadar upload; private SoundCloud link (email route),Submit via LabelRadar portal (preferred) | Private SoundCloud links only if sending by email | Genre alignment critical — must fit the Anjuna sound,,1,"Major independent label by Above & Beyond — primary genre is trance/uplifting, but increasingly releases melodic house and progressive house that overlaps with this slice. Active LabelRadar portal. Booking impact is elite, streaming credibility is global. Worth targeting only if music has an Anjuna melodic-progressive feel.",https://labelsbase.net/anjunabeats; https://www.labelradar.com/labels/anjunabeats/portal; https://anjunabeats.com/,2026-06-01,high
Renaissance,A,cold-demo-friendly,cold-demo-friendly,progressive house; melodic house; electronica; techno,Scott Rudmann,email,music@renaissance.dj,,streaming link,,,1,"Legendary UK label founded 1992. Catalog and trademark acquired by Scott Rudmann in 2024 under new Renaissance Music company. Active releases into 2026 (confirmed on renaissance.dj — artists Khenya, Nichols+Roark, Jochem Hamerling). History of breaking emerging acts alongside established names. Strong credibility, Beatport presence, Apple Music catalog.",https://renaissance.dj/; https://ra.co/labels/72; https://electronicgroove.com/label-of-the-month-august-2024-renaissance-records/,2026-06-01,medium
Innervisions,ELITE,needs-warm-intro,needs-warm-intro,melodic house; deep house; melodic techno; electronica,Dixon; Ame,email,demo@innervisions.net,,private SoundCloud link,Private SoundCloud links only | Do not send demos via Facebook messages,,1,"Dixon and Âme's Berlin imprint — one of the most respected and taste-making labels in melodic/emotional electronic music since 2005. Maintains Beatport presence and strong streaming and scene credibility. A demo email exists publicly, but the label's own 'About' describes a curated school-like approach — typically 6 releases/year, usually one per artist, relationship-driven. Cold demo acknowledged but success rate extremely low.",https://labelsbase.net/innervisions; https://findmylabels.com/innervisions/; https://www.innervisions.com/about,2026-06-01,medium
Afterlife,ELITE,needs-warm-intro,needs-warm-intro,melodic techno; melodic house; cinematic techno,Tale Of Us (Matteo Milleri & Carmine Ferrara),email,demo@after.life,,private SoundCloud link,Private SoundCloud links only,,1,"Tale of Us label founded 2016 — arguably the defining melodic techno imprint of the last decade. Elite scene credibility, elite Beatport presence, massive booking and streaming impact. A demo email exists on labelsbase.net but the label receives thousands of weekly submissions and is widely understood to operate on a warm-intro/invitation basis for signings.",https://labelsbase.net/afterlife-records; https://www.after.life/recordings; https://ra.co/labels/10935,2026-06-01,low
Kaluki Musik,A,cold-demo-friendly,cold-demo-friendly,tech house; house; deep house; techno,Pirate Copy,email,kaluki@live.co.uk,,mp3,Private SoundCloud links only | No Facebook or SoundCloud DMs,,1,"One of the UK's most respected underground house and tech-house brands with 25+ years of events and a label releasing consistently in 2025-2026, giving credible unknown artists a genuine pathway into the Manchester scene and beyond.",https://labelsbase.net/kaluki-musik; https://www.kaluki.co.uk/; https://www.beatport.com/label/kaluki-musik/15062,2026-06-01,medium
Filth on Acid,A,cold-demo-friendly,cold-demo-friendly,techno; hard techno; tech house,Reinier Zonneveld,email,demos@filthonacid.nl,,mp3,Private SoundCloud links only,,1,Reinier Zonneveld's Amsterdam imprint is one of Europe's most credible peak-time techno/hard-techno labels with consistent Beatport chart presence and active 2024-2025 releases; a signing here immediately signals European club-circuit credibility.,https://labelsbase.net/filth-on-acid; https://findmylabels.com/filth-on-acid/; https://ra.co/labels/14394,2026-06-01,medium
Pets Recordings,A,cold-demo-friendly,cold-demo-friendly,tech house; house; deep house,Catz 'n Dogz,form,label@pets-recordings.com,https://www.pets-recordings.com/demo,mp3,Submit via contact page | Private SoundCloud playlist with downloadable tracks | No Facebook or SoundCloud DMs,STEP Recordings,2,"A beloved European indie (Polish duo, globally respected) with a strong Wooded festival / Ibiza presence and 200+ catalogue releases; genuinely open to fresh talent and curates high-quality house through a simple contact-form process.",https://www.pets-recordings.com/demo; https://labelsbase.net/pets-recordings; https://petsrecordings.bandcamp.com/,2026-06-01,high
Stereo Productions,A,cold-demo-friendly,cold-demo-friendly,tech house; house; deep house; techno,DJ Chus; Pablo Ceballos,form,demos@stereo-productions.com,https://tstack.app/stereoproductions/send,mp3; wav,Up to 5 tracks | Private SoundCloud links preferred,,1,"One of the most enduring Spanish indie imprints (est. 2000), the home of Iberican Sound with global distribution and Beatport chart history; uses Trackstack meaning submissions get a genuine listen and automated feedback.",https://tstack.app/stereoproductions/send; https://labelsbase.net/stereo-productions; https://stereo-productions.com/,2026-06-01,high
La Pera Records,A,cold-demo-friendly,cold-demo-friendly,tech house; techno; minimal,George Privatti; Guille Placencia,form,demoslapera@hotmail.com,https://tstack.app/laperarecords,mp3; wav,Up to 5 tracks | Private SoundCloud links if emailing,,1,"Barcelona-based tech house and techno label with nearly 300 releases, regular Ibiza presence, and a Trackstack portal indicating they actively process incoming demos — an unknown can realistically get a listen here.",https://tstack.app/laperarecords; https://labelsbase.net/la-pera-records; https://ra.co/labels/11059,2026-06-01,high
elrow Music,A,cold-demo-friendly,cold-demo-friendly,tech house; techno; house,elrow brand team,email,domingo@row14.es,,mp3,Private SoundCloud links only,elrow Music Limited,2,The label arm of the world-renowned elrow party brand with Amnesia Ibiza residencies and global events; a release here is immediately associated with top-tier clubbing credibility and Beatport chart impact.,https://labelsbase.net/elrow-music; https://ra.co/labels/11010; https://www.electrobuzz.net/2024/03/jay-de-lys-babylon-on-elrow-limited/594763/,2026-06-01,medium
Wow! Recordings,B,cold-demo-friendly,cold-demo-friendly,tech house; minimal; house,Luca Donzelli,email,luca@wow-recordings.com,,mp3,Private SoundCloud links only,,1,Barcelona/Ibiza-based vinyl-and-digital tech house label with a boutique identity and curated roster; accessible directly by email making it a realistic target for an unknown with a polished sound.,https://labelsbase.net/wow-recordings; https://www.beatport.com/label/wow-recordings/,2026-06-01,medium
Caballero Recordings,B,cold-demo-friendly,cold-demo-friendly,tech house; house; minimal,,email,demos@caballero-recordings.com,,mp3,Private SoundCloud links preferred,,1,"Stuttgart-based European house indie active since 2004 with Traxsource and Beatport presence; known for quality underground house and consistent international club sound, accessible via dedicated demo email.",https://labelsbase.net/caballero-recordings; https://www.traxsource.com/label/379/caballero-recordings; https://www.beatport.com/label/caballero-recordings/2616,2026-06-01,medium
Klaphouse Records,B,cold-demo-friendly,cold-demo-friendly,tech house; deep tech; minimal; house,Probi,email,klaphouserecords@gmail.com,,mp3,,,1,"Prolific Milan-born tech house label (est. 2013) with 1800+ Beatport tracks, regular Miami and Amsterdam compilation series, and direct email access; volume and activity make it a realistic stepping-stone for unknown producers.",https://www.facebook.com/Klaphouse/; https://www.beatport.com/label/klaphouse-records/32566; https://www.beatstats.com/label/klaphouse-records/32566-genre11,2026-06-01,medium
Origins Rcrds,A,cold-demo-friendly,cold-demo-friendly,house; tech house; deep house,Josh Butler,email,originsrcrdsdemos@gmail.com,,mp3,,,1,Josh Butler's Sheffield-born imprint (10+ years) with a strong track record of breaking unknown talent alongside established names; active Beatport presence in 2024-2025 and a dedicated demo email make it genuinely accessible.,https://www.beatport.com/label/origins-rcrds/58005; https://datatransmission.co/news/josh-butler-announces-launch-origins-rcrds/; https://labelsbase.net/,2026-06-01,medium
Terminal M,A,cold-demo-friendly,cold-demo-friendly,techno; tech house; minimal,Monika Kruse,email,rainer@terminalm.com,,mp3,SoundCloud or Spotify streaming link | Include brief message about yourself,,1,Monika Kruse's Berlin label (est. 2000) is one of Europe's most respected techno imprints with consistent Beatport chart presence and a dedicated demo email listed on the official website — giving unknown artists a credible direct route in.,https://terminalm.com/contact/; https://findmylabels.com/terminal-m/; https://ra.co/labels/1515,2026-06-01,high
Pacha Recordings,A,cold-demo-friendly,cold-demo-friendly,house; tech house; funky house,,email,recordings@pacha.com,,mp3,Private SoundCloud links only,,1,"The official record label of the legendary Pacha Ibiza brand (est. 2006) with a globally recognised imprint, extensive Beatport and Traxsource catalogue, and a simple email demo submission process that remains publicly accessible.",https://labelsbase.net/pacha-recordings; https://www.beatport.com/label/pacha-recordings/5215; https://ra.co/labels/,2026-06-01,medium
Whippin Records,A,cold-demo-friendly,cold-demo-friendly,minimal deep tech; tech house; house,Mason Collective,email,whipping.demo@gmail.com,,mp3,,,1,"Mason Collective's UK minimal deep-tech label (est. 2019) was Beatportal's Hype Label of the Month (Dec 2024), has a roster of cutting-edge UK talent, and remains accessible to unknown artists with a matching underground sound.",https://www.beatportal.com/articles/782850-hype-label-of-the-month-whippin-records; https://www.beatport.com/label/whippin/75297,2026-06-01,low
Constant Sound,B,cold-demo-friendly,cold-demo-friendly,house; minimal deep tech; techno,Burnski; Jon Woodall,email,constantsoundrecords@gmail.com,,mp3,Private SoundCloud links preferred,,1,"London label (est. 2015) co-run by respected producer Burnski, releasing consistently through May 2026 with a deep underground sensibility; small enough that an unknown with genuine craft can realistically get signed.",https://www.facebook.com/constantsoundrecords/; https://constantsound.bandcamp.com/; https://ra.co/labels/12110,2026-06-01,medium
Octopus Recordings,A,cold-demo-friendly,cold-demo-friendly,techno; tech house; minimal deep tech,Sian,dm,info@octopusrecordings.com,https://soundcloud.com/octopusrecordings/dropbox,mp3,Submit via SoundCloud dropbox,,1,"Sian's Dublin-founded, globally respected techno imprint (est. 2008) with a strong Beatport chart history and 100+ release catalogue; SoundCloud dropbox is an accessible, publicly known submission channel.",https://labelsbase.net/octopus-records; https://www.octopusrecordings.com/; https://www.beatport.com/label/octopus-records/5281,2026-06-01,medium
Lobster Theremin,A,needs-warm-intro,needs-warm-intro,house; techno; acid; outsider house; hard techno,Jimmy Asquith,unknown,,,,,,1,"London's most influential underground indie (est. 2013) with a distribution arm, shop, and tastemaker reputation; a release here is a career-defining stamp of credibility in the global underground.",https://lobstertheremin.com/; https://ra.co/labels/10161; https://www.electrobuzz.net/2025/01/dj-speedsick-midwest-death-trance-on-lobster-theremin/672324/,2026-06-01,low
