name,category,cost,platform,genre_focus,submission_method,contact,requirements,reach,why,sources,confidence,last_verified
Data Transmission,blog,free,web,house; tech house; deep tech; techno,email,grahame@datatransmission.co,Private SoundCloud link preferred | Include press release and artist bio | House / Tech House / Deep Tech / Techno only for this contact,100k+ monthly site visitors; large SoundCloud following,"One of the UK's leading online dance music authorities with a dedicated premieres section for house and tech house. Grahame Farmer personally curates house/tech-house premieres, giving unknown acts a real editorial slot with SoundCloud upload and site coverage.",https://datatransmission.co/contact/; https://www.beatportal.com/articles/655232-interview-grahame-farmer-founder-data-transmission,high,2026-06-01
Magnetic Magazine,magazine,free,web,house; tech house; techno; deep house,email,will@magneticmag.com,Press release | High-res press photos | Private streaming link | Artist bio and social links,500k+ monthly unique visitors,US-based music and culture magazine with dedicated tech-house track roundups published monthly in 2025. Features premieres and reviews; actively accepts submissions from independent artists and labels. Monthly 'Best Tech House Tracks' columns give rising artists real visibility.,https://magneticmag.com/contact/; https://magneticmag.com/2025/05/the-15-best-tech-house-tracks-of-april-2025/,high,2026-06-01
DJ Mag,magazine,free,web,house; tech house; techno; electronic,email,olivia.stock@djmag.com,Press release | High-res artist photo and packshot | Artist bio and social links | Private SoundCloud link with downloads enabled (320kbps) or fatdrop link — no Dropbox/WeTransfer | Pre-order or buy link if applicable | Suggested run date | Pitch window: no earlier than 3 weeks before release; no later than 2 days before,3M+ monthly site visitors; global print and digital readership,"The world's most widely read DJ and dance music magazine. Premieres one track per day online, featuring lesser-known acts alongside established names. A premiere slot here signals credibility to bookers and labels globally.",https://djmag.com/information/how-pitch-dj-mag; https://djmag.com/press,high,2026-06-01
Mixmag Australia / NZ,magazine,free,web,house; tech house; techno; electronic,email,editorial@mixmag.net.au,Brief pitch explaining desired coverage type (premiere / review / playlist / mix) | Private streaming link | Press release and bio,Mixmag global brand; ANZ SoundCloud premiere playlists active 2025,"Active offshoot of the world's biggest dance music brand, explicitly calling for music submissions from any artist — known or unknown — for premieres, playlists, mixes, and reviews. Lower bar than UK flagship but carries global Mixmag brand weight and publishes monthly SoundCloud premiere playlists.",https://mixmag.net.au/page/contact-mixmag; https://mixmag.net.au/read/mixmag-australia-nz-is-calling-out-for-music-music,high,2026-06-01
Mixmag (UK / Global),magazine,free,web,house; tech house; techno; electronic,email,https://mixmag.net/page/contact-mixmag,Press release | High-res photos | Private streaming link | Artist bio and socials | Pitch 1 to 3 weeks before release,5M+ monthly unique visitors; 1.4M+ Instagram followers,The flagship global dance music magazine reaching 5M+ monthly visitors. Being premiered or reviewed on Mixmag.net is among the most valuable press placements for any house/tech-house artist. Active in 2025 with weekly new music coverage.,https://mixmag.net/page/contact-mixmag; https://muckrack.com/media-outlet/mixmag,medium,2026-06-01
When We Dip,blog,free,web,house; deep house; progressive house; melodic techno,email,promo@whenwedip.com,SoundCloud track link preferred | Press release or brief pitch | Desired premiere date,Established underground readership; active SoundCloud and social channels,Active dance music magazine (Montreal / Dublin / Berlin) running frequent exclusive premieres of independent house and progressive tracks. Well-regarded in the underground scene with consistent editorial output throughout 2025. A premier here reaches a tuned-in global audience.,https://whenwedip.com/contact-us/; https://whenwedip.com/premieres/,medium,2026-06-01
Deep House Amsterdam,blog,free,web,deep house; house,email,lex@deephouseamsterdam.com,SoundCloud link only (Dropbox not accepted) | Listen to DHA AM and DHA FM channels first to understand their sound direction,400k+ YouTube subscribers; 200k+ SoundCloud followers,Leading Amsterdam-based deep house blog with 400k+ YouTube subscribers and 200k+ SoundCloud followers across DHA AM and DHA FM channels. Features exclusive premieres and label showcases. Active site with 2026 content confirmed. Ideal for deep-leaning house tracks.,https://www.deephouseamsterdam.com/contact/; https://soundcloud.com/deep-house-amsterdam,high,2026-06-01
The Groove Cartel,blog,paid,web,house; tech house; techno; deep house; progressive house,email,press@thegroovecartel.com,Track link | Artist bio | Social links | SubmitHub preferred for guaranteed 48-hour response and feedback,50k+ unique monthly visitors; Google News indexed,"Quintessential electronic music blog and network with 50k+ unique monthly visitors, indexed on Google News. Actively accepts submissions from unknown artists via SubmitHub (guaranteed feedback within 48 hours) and direct email. Strong fit for tech house specifically.",https://thegroovecartel.com/submit-music/; https://www.submithub.com/blog/the-groove-cartel,high,2026-06-01
EARMILK,blog,free,web,electronic; house; deep house; dance,portal,https://www.submithub.com/blog/earmilk,Submit via SubmitHub or Pillargram only | No direct email submissions accepted — filtered automatically,Millions of global readers across 110+ countries,Global music blog active since late 2000s reaching millions of readers in 110+ countries. Covers electronic dance music with a dedicated electronic section and premieres new tracks. Submission via SubmitHub is straightforward and open to all artists.,https://earmilk.com/submit-music/; https://earmilk.com/music/electronic/,high,2026-06-01
Decoded Magazine,magazine,free,web,house; techno; deep house; progressive house; melodic techno,email,submit@decodedmagazine.com,"Include artist bio and press release | Mark clearly as a premiere request in subject line | Address to Ian French for A&R/Editorial/Premiere pitches | Note: they do NOT accept mixes or unreleased material via submit@ — for premieres, pitch to Ian French directly","Established underground readership; active YouTube, SoundCloud, and social channels","Underground electronic music magazine with a dedicated premieres section, Mix of the Month competition open to unknowns, and a Discord community for submissions. Active with premieres confirmed through June 2026. Ian French handles A&R, editorial, and premieres.",https://www.decodedmagazine.com/contact/; https://www.decodedmagazine.com/category/premieres/,high,2026-06-01
Le Visiteur Online,blog,free,web,house; deep house; disco house; nu-disco; boogie,portal,https://www.submithub.com/blog/le-visiteur-online,"Submit via SubmitHub only — direct submissions no longer accepted | Must be house, disco house, nu-disco, or boogie in style",Thousands of unique weekly visitors; large SoundCloud following,"One of the internet's biggest house and disco authorities, run by UK DJ/producer/blogger John Hutchison. Receives thousands of unique visitors weekly. Features premieres, interviews, and mixes. SubmitHub is now the only submission route.",https://www.submithub.com/blog/le-visiteur-online; https://soundcloud.com/levisiteuronline,medium,2026-06-01
Resident Advisor (RA),magazine,paid,web,house; tech house; techno; electronic,form,feedback@ra.co,"RA account login required for the feature pitch form | For release reviews: pitch via feedback@ra.co specifying which release and why it is noteworthy | For feature pitches: use ra.co/pitch/feature with a 4 to 5 sentence explanation of the artist/topic's relevance | Long-form features, release reviews, opinion pieces, and video essays accepted",8M+ monthly unique visitors; definitive global underground electronic music authority,"The world's leading electronic music magazine and event platform. RA singles reviews, features, and premieres carry enormous credibility globally. Open to pitches for release reviews and features from anyone. The 'Singles Reviews' section and 'Breaking Through' series are the most accessible entry points for unknown artists.",https://ra.co/about/contribute; https://ra.co/pitch/feature,medium,2026-06-01
6AM Group,blog,freemium,web,house; tech house; techno,email,services@6amgroup.com,"High-quality original house or techno track | Allow at least 2 weeks for completion | Paid service: Basic Premiere $49 (SoundCloud upload only), Standard Premiere $99 (SoundCloud + site post + social), Press/Editorial Feature $39",Large social following; active Discord community; established underground audience,"US-based underground electronic media platform featuring premieres, interviews, guest mixes, and editorial coverage of house and techno. Content-promo service routes tracks to their editorial team and SoundCloud channel. Paid tier makes placement predictable with a modest budget.",https://6amgroup.com/services/content-promo; https://6amgroup.com/about,high,2026-06-01
House Music With Love (HMWL),blog,free,web,deep house; afro house; organic house; melodic house; melodic techno,form,https://www.housemusicwithlove.com/submit-a-hmwl-premiere-or-upload/,"SoundCloud or Dropbox link only | Specify release date for premiere requests | Must fit: Afro House, Organic House, Deep House, Melodic House & Techno, or Electronica",Claims 12M+ followers across channels; active Spotify playlists and SoundCloud,"Swedish house music blog, record label, and repost network active since 2008. Offers blog reviews, YouTube/SoundCloud premieres, and Spotify playlist placements to a self-described 12M+ follower audience. An accessible launch platform for deep/melodic house and organic house tracks from completely unknown artists.",https://www.housemusicwithlove.com/submit-a-hmwl-premiere-or-upload/; https://soundcloud.com/hmwl/sets/hmwl-podcasts-2025,high,2026-06-01
This Song Is Sick,blog,free,web,electronic; house; deep house; dance; indie,portal,https://www.submithub.com/blog/thissongissick-com,"Submit via SubmitHub only — no direct email accepted | Electronic, house, indie, hip-hop accepted",Global readership in 110+ countries; long-running social presence,"Established US music discovery blog active since 2010 with a dedicated premieres section and global readership in 110+ countries. Covers electronic, house, and dance music alongside indie and hip-hop. Most recent premiere confirmed May 2025. SubmitHub submission is open to all artists.",https://thissongissick.com/; https://thissongissick.com/section/premieres/,high,2026-06-01
We Rave You,blog,free,web,house; tech house; techno; electronic,form,general@weraveyou.com,Artist name | Email address | Track URL | Brief message describing the track and request,35M+ monthly content reach; 1M+ followers,Large-scale electronic music media brand with 35M+ monthly content reach and 1M+ followers. Runs a recurring 'House & Techno Picks' editorial series (confirmed June 2025) showcasing independent artists. Artist submission form on contact page assigns a dedicated consultant per submission.,https://weraveyou.com/contact/; https://weraveyou.com/2025/06/we-rave-you-presents-house-techno-picks-featuring-daijo-ward-andrews-more/,high,2026-06-01
Spotify for Artists — Editorial Pitch,playlist-curator,free,Spotify,house; tech house; electronic,portal,https://artists.spotify.com,"Music must be distributed to Spotify via any distributor | Must pitch at least 7 days before release date (28 days strongly recommended for unknowns) | Only unreleased tracks eligible — pitch disappears once track is live | One track pitch per release; cannot pitch compilations or featured-artist slots | Complete pitch form: genre, mood, instruments, 500-character story about the song | Artist profile must be complete — bio, press photo, linked socials",Editorial playlists range from thousands to millions of followers; Release Radar reaches every artist follower,"The only official, free route to Spotify's in-house editorial team. A placement on a Spotify editorial playlist (e.g. 'Mint', 'Dance Brandneu') can deliver tens of thousands of streams overnight and kick-start the algorithm for an unknown artist.",https://support.spotify.com/us/artists/article/pitching-music-to-playlist-editors/; https://www.chartlex.com/blog/streaming/spotify-playlist-pitching-guide-2025,high,2026-06-01
SubmitHub — Playlist Curator Network,playlist-curator,freemium,Spotify / SoundCloud / Apple Music,house; tech house; techno; electronic,portal,https://www.submithub.com,"Create a free artist account on submithub.com | Upload or link Spotify/SoundCloud track | Filter curators by genre (techno-house, deep tech, electronic) | Write a 200-character pitch for each submission | Free submissions: curators have 20 days to respond, no feedback obligation | Premium credits ($0.79–$3 each, bulk discounts): 48-hr response + written feedback guaranteed","6,000+ active curators; individual playlists range from 1K to 500K+ followers","Largest curator marketplace with 6,000+ active curators. Has a dedicated tech house / techno-house filter, making it one of the most targeted discovery tools for an unknown house producer. Free tier available; paid tier guarantees 48-hr feedback.",https://www.submithub.com/playlister/techno-house; https://www.musicpulse.app/blog/is-submithub-still-worth-it-in-2026-an-honest-review; https://loopsolitaire.co.uk/blog/how-to-use-submithub-2025/,high,2026-06-01
Groover — House & Tech House Curators,playlist-curator,paid,Spotify / SoundCloud / other,house; tech house; afro house; deep house; melodic house,portal,https://groover.co/en/influencer/list/tags/tech-house/playlist/,Create a Groover account at groover.co | Purchase Grooviz credits (€46 starter pack = 46 Grooviz; bulk saves up to 24%) | Each curator contact costs 2 Grooviz (~€2); premium curators 4–6 Grooviz | Select curators filtered by 'tech-house' or 'house music' tags | Submit track link and write a short pitch | Response guaranteed within 7 days — refund issued if curator fails to respond,141+ house-tagged curators; 76+ tech-house-tagged curators; individual contacts vary from micro-playlists to 100K+ follower channels,"Paris-based platform with 4,000+ music pros. Has an explicit tech-house curator filter and a dedicated 'HOUSE 2025 | Tech House & Club Music' Spotify-certified playlist. Every submission is guaranteed a written reply within 7 days or credits are refunded — de-risks spending for an unknown artist.",https://groover.co/en/influencer/profile/0.house-2023-tech-house-club-music; https://groover.co/en/lp/pricing/; https://groover.co/en/,high,2026-06-01
Playlist Push — Spotify Curator Campaigns,playlist-curator,paid,Spotify,house; tech house; electronic; EDM,portal,https://playlistpush.com,"Create account at playlistpush.com | Submit track details: Spotify link, genre, mood, language, release date, short description | Select campaign size — minimum $285 for Spotify campaigns | Pre-release campaigns available up to 14 days before drop date | Track must be on Spotify (released or scheduled)","1,000+ curators; total combined reach ~23 million Spotify listeners","Vetted network of 1,000+ independent Spotify playlist curators with verified organic engagement. Campaigns run for two weeks, matching the track to genre-relevant curators. Pre-release campaigns can drive saves/streams in the critical first 48 hours of release — very important for Spotify's algorithm.",https://playlistpush.com/pricing; https://playlistpush.com/; https://www.chartlex.com/blog/streaming/playlist-push-review-2026,high,2026-06-01
Soundplate — House / Electronic Playlist Submission,playlist-curator,freemium,Spotify,house; tech house; deep house; electronic; dance,form,https://soundplate.com/new-spotify-playlists1/electronic-dance/,Browse curated playlists at soundplate.com/new-spotify-playlists1/electronic-dance/ | Listen to playlists first to confirm genre fit | Click 'Submit Music' on chosen playlist page | Sign in with Spotify to submit (platform auto-follows the playlist) | Submit one track at a time — quality over quantity,Hundreds of independent Spotify curators on platform; individual playlists range from 500 to 100K+ followers,Free platform dedicated to connecting electronic / house music artists with independent Spotify curators. Has a specific 'House / Electronic / Dance Music' submission section with dozens of curators. No account needed for basic discovery; Spotify login required to submit. Ideal low-barrier starting point for an unknown artist with no budget.,https://soundplate.com/new-spotify-playlists1/electronic-dance/; https://soundplate.com/submit-music-spotify-playlists/; https://soundplate.com/15-dance-music-spotify-curators-submit-your-music-free/,high,2026-06-01
Daily Playlists — Spotify Curator Marketplace,playlist-curator,freemium,Spotify,house; tech house; techno; electronic; dance,portal,https://dailyplaylists.com/submit-song/add-song,"Create free account at dailyplaylists.com | Connect Spotify account via Spotify authenticator | Search/paste Spotify track URL | Filter playlists by genre (house, tech house, electronic) | Use 20 free Standard credits per week (reset every Monday) | Premium credits available for purchase for larger campaigns","18,000+ playlists; 40,000+ curators; top house playlists on platform: 60K–190K followers","One of the largest free playlist submission networks (18,000+ playlists, 40,000+ curators). Hands out 20 free Standard credits per week per artist — meaning an unknown producer can start submitting at zero cost. Has a dedicated house genre filter and actively lists curated top-10 house playlists available for free submission.",https://dailyplaylists.com/en/blog/spotify-top-10-free-house-playlists-2025/; https://dailyplaylists.com/blog/submit-music-spotify-playlists-independent-curators-guide/,high,2026-06-01
SoundCampaign (SoundCamps) — Spotify Curator Matching,playlist-curator,paid,Spotify,house; tech house; electronic,portal,https://soundcamps.com,Create account at soundcamps.com | Set a campaign budget (no minimum stated; ~£150 to reach ~21 curators typical) | Select genre and sub-genre to narrow curator matching | Platform auto-matches and distributes track to curators | Only pay when curator reviews the submission or a TikTok video is delivered,Curated network of verified Spotify playlist curators; typical campaign reaches 15–50 curators,"Transparent, budget-controlled platform that auto-matches tracks to Spotify playlist curators and only charges when submissions are reviewed. Sub-genre selection available, so a house/tech house producer can narrow targeting. Curators are compensated for reviews, which keeps response rates high. Good secondary platform to diversify beyond SubmitHub and Groover.",https://soundcamps.com/; https://melodicmind.co/soundcampaign-review/; https://skopemag.com/2025/08/18/which-one-is-the-best-music-promotion-platforms-submithub-one-submit-playlist-push-and-soundcampaign,high,2026-06-01
One Submit — Spotify Playlist & Blog Promotion,playlist-curator,paid,Spotify,house; tech house; electronic; techno,portal,https://www.one-submit.com/spotify-promotion,Create account at one-submit.com | Select Spotify track link | Choose playlist size tier: up to 8K followers = $3; 8K–20K = $6 per submission | Each campaign runs for 10 days | Refund issued if curator does not respond within 10 days,"2,200+ curators on platform; individual playlist curators range from 1K to 100K+ followers","Pay-per-submission platform with 2,200+ Spotify playlist curators. Artists choose playlists by follower size and only pay for what they target. Has a tech-house-to-Afro-house cross-genre submission route verified on the site ('Submit Tech House to Afrohouse Chill Sunset'). Ranked best Spotify promotion service by several music industry outlets in 2025.",https://www.one-submit.com/curator/submit-tech-house-to-afrohouse-chill-sunset-spotify-promotion; https://www.one-submit.com/spotify-promotion; https://skopemag.com/2025/08/18/which-one-is-the-best-music-promotion-platforms-submithub-one-submit-playlist-push-and-soundcampaign,high,2026-06-01
Electronic Radar — House & Tech House Submission,playlist-curator,free,Spotify,house; tech house; deep tech; techno; afro house; jackin house,email,info@electronicradar.com,"Send Spotify link only (no other platform links) | Track must be released in 2025 or 2026 (current year) | Electronic music genres only — house, tech house, techno and subgenres | Free submission — no charge",17 curated Spotify playlists; overall scale is small/emerging but genre-targeted,"Small but genre-focused independent curator running 17 Spotify playlists specifically for techno and house subgenres including 'House Radar', 'Tech House Radar', 'Deep Tech', 'Jackin House', 'Afro Energy'. Accepts free email submissions from any indie artist with a 2025 Spotify release — exactly the kind of niche, accessible outlet an unknown artist needs.",https://www.electronicradar.com/submit-music/,high,2026-06-01
Indiemono — Pop / EDM & Chill Playlist Submission,playlist-curator,freemium,Spotify / Deezer / Apple Music,electronic; house (chill); deep house; dance; EDM,form,https://indiemono.com/music-submit/,Submit via form at indiemono.com/music-submit/ | Choose the genre box that best fits your track (Pop/EDM or Chill for house music) | Submit once — Indiemono routes internally across multiple playlists | Track to Spotify for Artists to monitor placement,"100+ playlists; 3M+ combined playlist followers across Spotify, Deezer, and Apple Music","Free, editorial submission system across 100+ curated playlists with 3M+ playlist followers. Covers Chill Deep House and Dance/EDM categories that intersect with house music. Submission is free, editorial, and requires zero marketing spend — a safe no-cost channel for any unknown artist to attempt.",https://indiemono.com/music-submit/; https://indiemono.com/; https://open.spotify.com/playlist/5MA2NuCMiDEdV6edU5GpO7,high,2026-06-01
Tech Me Home — House & Techno Promotion,playlist-curator,freemium,Spotify / DJ platforms,house; tech house; techno; afro house; minimal; melodic house,form,contact@techmehomechannel.com,"Complete submission form at techmehomechannel.com/submit-your-song | House, techno, and underground electronic music only | Response within 48 hours (up to 72 hours during busy periods)","Network of DJs, radio hosts and producers on Inflyte; curated Spotify playlists for house/techno audience","Dedicated house/techno promotion service offering Spotify playlisting, Inflyte DJ campaigns, and press services. Minimum 28-day playlist placement per track. Specialist in underground electronic genres with direct DJ outreach — useful for an artist trying to get tracks into professional DJ sets as well as playlists.",https://www.techmehomechannel.com/submit-your-song; https://www.techmehomechannel.com/,medium,2026-06-01
Apple Music Pitch (via Distributor / Apple Music Connect),playlist-curator,freemium,Apple Music,house; tech house; electronic,portal,https://musicconnect.apple.com/support/5575-apple-music-pitch,"Music distributed to Apple Music via a distributor partner with Apple Music Connect access | Pitch submitted by distributor at least 10 days before release (7-day minimum for late adds) | Provide: content format, track name, mood, genre, language, release date, campaign details | Note any focus/feeler track if part of an EP or album | Artist biography not required — campaign context is more important",Apple Music editorial playlists can reach millions of subscribers globally; 'A-List: Electronic' is a top-tier flagship playlist,"Apple Music's editorial team curates high-profile playlists (e.g. 'A-List: Electronic'). While direct access is restricted to distributor partners, many indie distributors (TuneCore, DistroKid, Amuse, CD Baby) now offer Apple Music editorial pitching as part of their release flow — making this accessible to a solo artist with any reputable distributor.",https://musicconnect.apple.com/support/5575-apple-music-pitch; https://playlistpush.com/blog/how-to-get-on-apple-music-playlists-a-guide-for-independent-artists/; https://imusician.pro/en/products/editorial-playlist-pitching,high,2026-06-01
MusoSoup — Music Promotion Marketplace,playlist-curator,freemium,Spotify / blogs / social,electronic; house; indie electronic,portal,https://musosoup.com/,Create artist account at musosoup.com | Pay one-off campaign fee from £42 | Upload release details (up to 90 days before release date) | Curators browse and send offers — accept or decline paid/free coverage | No ongoing subscription needed,"Hundreds of verified curators; covers Spotify playlists, blogs, radio, and social features across multiple genres","Unique reverse-pitch model: curators browse and contact artists they like, rather than artists cold-pitching. A single one-off fee gives 90 days of visibility to the curator pool. Covers Spotify playlists, blog reviews, radio airplay, and social media features — broader than playlist-only platforms.",https://musosoup.com/; https://musosoup.com/artists-how-it-works; https://twostorymelody.com/musosoup-review/,medium,2026-06-01
Beatport / Beatportal — Editorial Pitching for DJ Store,playlist-curator,free,Beatport,house; tech house; techno; deep house,none-public,https://greenroom.beatport.com/artists,"Distribute to Beatport via TuneCore, DistroKid, or MusicHub (no label required) | Pitch for editorial features through your distributor's label manager contact at Beatport | Pitch 3–4 weeks before release for full editorial consideration | Can enter remix contests via LabelRadar (free) | Apply annually for Beatport Next artist development program | Social Spotlight (Drop of the Week, Studio Jam) can be pitched via Beatport's social channels",Millions of DJs and electronic music fans globally; Tech House Top 100 and Hype charts are watched by working DJs worldwide,"Beatport is the #1 download store for DJs and the definitive platform for house/tech-house discovery by professional DJs. Editorial features on Beatportal (Artist of Month, Playlist of Week, track breakdowns) directly influence DJ chart picks and festival bookings. Beatport Hype chart is specifically for emerging artists. Independent artists can distribute to Beatport without a label via TuneCore, DistroKid, or MusicHub.",https://greenroom.beatport.com/artists; https://www.beatport.com/genre/tech-house/11/hype-100,medium,2026-06-01
Deeper Shades of House,podcast,paid,Mixcloud / SoundCloud / web,deep house; afro house; house,email,lars@deepershades.net,"Contact Lars first via the site form with links to recent mixes and a bio before sending the full mix | Mix must be EXCLUSIVE — not broadcast or uploaded elsewhere before or after | WAV, AIFF, or 320kbps MP3 minimum; minimum 60 minutes | At least 4dB headroom (do not peak at 0dB) | No AI-produced music in the mix | No voiceovers, jingles, or station IDs | Full tracklist in format: Artist – Title (Remix) – Label | Short bio, social/website links, two high-quality photos | File named: DJName-MixTitle.mp3 with ID3 tags",500k+ podcast subscribers; 140k+ Mixcloud followers,Long-running weekly podcast (900+ episodes) hosted by Lars Behrenroth; actively invites guest mixes from lesser-known producers via a public submission page — one of the few major house podcasts with an explicit open-submission policy for unknowns.,https://www.deepershades.net/submit-a-guest-mix.html,high,2026-06-01
When We Dip – Prima Lux Mix Series,podcast,paid,SoundCloud / web / Spotify,melodic house; deep house; house,email,promo@whenwedip.com,"Submit mix link (SoundCloud/streaming) and bio | Relevant to deep/melodic house spectrum | Original, exclusive or premiere-quality mix preferred",Magazine readership 50k+; active global social following; SoundCloud Prima Lux playlist 5k+ followers,"Active dance music magazine (Montreal/Dublin/Berlin) running the 'Prima Lux' dedicated emerging-artist mix series — episodes published as recently as May 2026, confirming the series actively curates lesser-known DJs. The main When We Dip Mix series (episodes 170-188+ in 2025-2026) runs in parallel for more established names.",https://www.whenwedip.com/podcasts/prima-lux/; https://new.whenwedip.com/2026/05/prima-lux-sideral/,medium,2026-06-01
6AM Group (SIX AM) – Guest Mix Series,podcast,paid,web / SoundCloud / YouTube,house; tech house; techno; electronic,form,https://6amgroup.com/about,"Submit inquiry via the contact form on the About page at 6amgroup.com/about | Include mix link, bio, and social media profiles | Mix should showcase a unique sound",Major US EDM media platform; 100k+ social followers across channels,"Weekly guest mix series on a major US electronic music media platform; features a wide range of emerging artists (Nikka Lorak, Konrad James, DJ Nikadeemas, Angel Parilli) alongside established names — accessible to unknowns willing to pitch via contact form or social DM.",https://6amgroup.com/articles/music-guest-mixes; https://6amgroup.com/about,medium,2026-06-01
Proton Radio – Bedroom Bedlam / Guest Mix,podcast,paid,web / SoundCloud / Spotify,house; tech house; progressive house; techno; minimal,email,demos@protonradio.com,Private SoundCloud link to your mix with downloads enabled | Tracklist formatted as: 01. Artist - Track (Mix) [Label] | Send to demos@protonradio.com,Global underground EDM audience; 200+ shows; 50k+ SoundCloud followers,Long-standing internet radio station dedicated to underground dance music with 200+ shows; 'Bedroom Bedlam' is an open-submission vehicle specifically designed to introduce lesser-known talent; successful demos can lead to ongoing residencies. Active tech house genre page confirmed 2025.,https://intercom.help/proton-radio/en/articles/2872691-how-do-i-get-a-mix-or-radio-show-on-proton; https://www.protonradio.com/genres/2/tech-house,high,2026-06-01
Frisky Radio – Feelin' Frisky Broadcasts,podcast,paid,web / frisky.fm,house; deep house; progressive house; techno,email,submit@friskyradio.com,"Email submit@friskyradio.com with a WeTansfer or streaming link in the email body | Include name, email, genre of the mix, and a brief bio | MP3 only — no WAV files, no email attachments | Do not contact via social media — email only | No guaranteed reply — only hear back if selected",Specialist underground radio audience; active since 2000; 30k+ social following,Underground electronic music radio station with a curated 1-hour guest mix slot ('Feelin' Frisky') explicitly open to unsolicited submissions from DJs — one of the clearest open-door submission paths in the underground electronic space.,https://www.friskyradio.com/show/feelin_frisky; https://frisky.fm/about,high,2026-06-01
Data Transmission – Spotlight Mix Series,podcast,paid,SoundCloud / web / Mixcloud,house; tech house; deep tech; techno,email,grahame@datatransmission.co,"Email Grahame Farmer (Editor-in-Chief) at grahame@datatransmission.co | Specify genre (house, tech house, deep tech, or techno) | Include streaming link to your mix and an artist bio | Longer interview/feature pitches also accepted separately",Major dance music media site; 50k+ SoundCloud followers; global readership,Established online dance music authority with a regularly updated Spotlight Mix Series (active through Sept 2025) featuring artists from emerging to established; editorial contact is public and directly accessible to independent artists.,https://datatransmission.co/contact/; https://www.1001tracklists.com/tracklist/btr0p6k/channe-data-transmission-spotlight-mix-2025-09-17.html,high,2026-06-01
Magnetic Magazine – Guest Podcast Series,podcast,paid,SoundCloud / web,house; tech house; techno; electronic,email,info@magneticmag.com,"Submit a streaming link to your mix (no MP3 attachments) | Include full contact details | Fresh, original-angle pitches preferred | Editorial team curates — not all submissions published",Global EDM readership 100k+; 200k+ social following,US-based electronic music magazine (Beverly Hills) with an established guest podcast series; submission policy is publicly documented and allows emerging artist pitches via email with a streaming link — no attachment required.,https://magneticmag.com/submission-policy/; https://www.magneticmag.com/tag/podcast/,high,2026-06-01
NTS Radio – Supporter Radio Mix Programme,podcast,paid,web / nts.live / Spotify,house; techno; electronic; experimental,form,https://www.nts.live/projects/supporter-radio,"Must be an NTS Supporter (membership from £3.99/month or ~£54/year) | Watch for submission window announcements via newsletter and @nts_radio Instagram | Mix strictly 55–60 minutes long, submitted as an MP3 | No genre restrictions — any electronic style welcome | Only one mix per applicant selected if multiple submitted",Global audience; NTS streams to 6M+ listeners per month; archived mixes remain on site,"London-based broadcaster NTS opens a mix-submission programme several times per year exclusively to its supporters (paying members); selected mixes broadcast live and archived alongside resident programming — a legitimate, structured route for an unknown to get a mix on a globally respected radio platform.",https://www.nts.live/projects/supporter-radio; https://ntslive.freshdesk.com/support/solutions/articles/77000570080-submitting-a-mix; https://www.nts.live/supporters,high,2026-06-01
Electronic Groove – EG Podcast,podcast,paid,Mixcloud / SoundCloud / web / Apple Podcasts,house; tech house; techno; progressive house; deep house,email,contact@electronicgroove.com,Email contact@electronicgroove.com with a streaming link to your mix and artist bio | Note your pitch is for the EG Podcast guest slot | No dedicated submission form — general contact email used for editorial pitches,1072+ episodes; Mixcloud followers 30k+; Apple Podcasts listed; global electronic music readership,"Long-running electronic music magazine podcast (1072+ episodes as of June 2026) that regularly features both established and emerging artists (e.g. Diass, Lannka, Adapter, Charles Meyer alongside Steve Lawler, Cattáneo); general contact email accepted for guest mix pitches.",https://electronicgroove.com/series/eg-podcast/; https://electronicgroove.com/submission/,medium,2026-06-01
MIL-MGMT (Music Is Love Management),pr,paid,web,house; tech house; techno; electronic,form,info@mil-mgmt.com,"Submit private link or download of track(s) | Provide release date, label and catalog details, and campaign objectives | Submit at least 6 weeks before release date | Select and pay for campaign tier via website checkout","Network of DJs, specialist radio shows, press outlets, and playlist curators in house/techno space","Manchester-based PR firm with 10+ years specialising exclusively in house, techno and electronic music; offers tiered campaigns (DJ promo, radio plugging, press coverage) designed for independent artists and labels — the most accessible entry-level pricing in the sector (£110 for DJ-only EP campaign).",https://mil-mgmt.com/house-music-pr/; https://mil-mgmt.com/contact/,high,2026-06-01
Reach Promo,pr,paid,web,deep house; tech house; techno; minimal,email,info@reach-promo.agency,Email info@reach-promo.agency to check if music fits their service | Music must fit deep house / tech house / techno/minimal genres | Submit private streaming link for review before purchasing campaign,"Curated pool of DJs, radio shows, and blogs in deep house/tech house/techno scene globally","Italy-based specialist PR agency and promo pool focused exclusively on deep house, tech house, and techno/minimal; affordable tiered campaigns (from €80) covering DJ outreach, radio promotion, blog/magazine pitching, and Spotify playlist submission — lowest entry cost among verified house-specific PR agencies.",https://reach-promo.agency/promo-pool-services/; https://reach-promo.agency/promo-pr-agency-promo-pool/,high,2026-06-01
Infectious PR,pr,paid,web,dance; electronic; house; pop,email,newbiz@infectiouspr.com,Email newbiz@infectiouspr.com with artist info and a streaming link to your music | Briefly describe your project and campaign goals,"Global media network; BBC, Forbes, Billboard, Apple Music, Spotify coverage capacity","Bristol-based marketing and PR agency (founded 2009, 30 years combined experience) with global media network including BBC, Forbes, Billboard, Apple Music, and Spotify; explicitly invites new project inquiries from emerging artists via their public new-business email.",https://infectiouspr.com/,high,2026-06-01
Motormouthmedia,pr,paid,web,electronic; indie electronic; underground dance,email,submissions@motormouthmedia.com,Email submissions@motormouthmedia.com with project info and a streaming link | High submission volume — no reply indicates project is not a fit,US and international indie/electronic tastemaker press; established booking and label contacts,"LA/Brooklyn boutique PR firm (founded late 1990s) that has championed underground electronic acts since the beginning — was the first American independent PR firm to represent Warp Records, Ninja Tune, Planet Mu; broke Four Tet, Caribou, Flying Lotus from day one; accepts new inquiries.",http://www.motormouthmedia.com/contact; http://www.motormouthmedia.com/about,high,2026-06-01
Dispersion PR,pr,paid,web,house; tech house; techno; electronic,email,info@dispersionpr.com,Email info@dispersionpr.com with artist/release info | Include streaming link and campaign goals | Specify release date and label context,"UK and European press, radio, and club circuit; BBC Radio 1 Dance history","UK specialist electronic music PR firm (founded 2007 by Julian Shay and Dean Muhsin) offering press, radio, and club promo for artists and labels. Client history includes Hot Creations, Crosstown Rebels, Cocoon, Defected, Laurent Garnier, Michael Bibi, Chris Liebing — working with Dispersion signals credibility in the underground house/techno circuit.",https://www.dispersionpr.com/; https://rocketreach.co/dispersion-pr-profile_b5d36282f42e46a9,medium,2026-06-01
MCPR (Matt Caldwell PR),pr,paid,web,electronic; house; techno; dance,email,info@mattcaldwell.co.uk,"Email info@mattcaldwell.co.uk or use the contact form at mattcaldwell.co.uk/contact/ | Include project details, streaming link, and campaign scope","International electronic music press, radio, and industry network; 12+ years established","Full-service 360-degree electronic music agency (12+ years, global presence) offering PR, radio promo, social media, A&R consultancy, and artist progression — contact email and phone publicly listed; targets both emerging and established electronic artists.",https://www.mattcaldwell.co.uk/contact/; https://www.mattcaldwell.co.uk/,high,2026-06-01
Prescription Music PR,pr,paid,web,electronic; ambient; house; dance,form,https://www.prescriptionmusicpruk.com/general-enquiries,"Submit via the general enquiries form at prescriptionmusicpruk.com/general-enquiries | Include artist info, release details, and campaign objectives","UK, European, and Irish music press and radio","Leading UK electronic and ambient music PR agency with offices in London, Cambridge, and Manchester; explicitly lists electronic music PR among services and has a public inquiry form for new campaign submissions — accessible to independent artists.",https://www.prescriptionmusicpruk.com/electronic-music-pr; https://www.prescriptionmusicpruk.com/contact-us,high,2026-06-01
Groove Magazin – Resident Podcast,podcast,paid,SoundCloud / Mixcloud / web,techno; house; electronic,email,max@groove.de,Email max@groove.de (Events/Podcast contact: Maximilian Fritz) | Pitch yourself as a club resident or party organizer in a specific city/venue | Include streaming link to your mix and relevant club/party context | Note: primary focus is German-speaking regions and Eastern Europe — Tunis-based artists should pitch their regional/local residency angle if applicable,Established German-language electronic music magazine; Mixcloud 50k+ followers; SoundCloud Resident Podcast playlist active,"Berlin-based bi-monthly podcast (episode 064 published June 2026, confirming active status) featuring grassroots underground residents from clubs in German-speaking countries and Eastern Europe — focuses on local club culture figures rather than superstars. Podcast contact is publicly available via editorial email.",https://groove.de/impressum/; https://www.groove.de/category/podcast/groove-resident-podcast/,medium,2026-06-01
Rinse FM,radio,free,FM / web / SoundCloud,house; tech house; dubstep; grime; electronica,email,thelinkup@rinse.fm,Private SoundCloud link only (no file attachments) | Include brief artist bio and genre info,Online + 103.7 FM London; global streaming audience; tens of thousands weekly listeners,Rinse FM is the UK's most influential underground radio station with 30+ years of history. Its shows are curated by individual DJs who actively seek fresh tracks — emailing thelinkup@rinse.fm with a private SoundCloud link is a direct route to DJ inboxes that spin house and tech house.,https://labelsbase.net/rinse; https://www.rinse.fm/,high,2026-06-01
Defected Radio,radio,free,web / Spotify / SoundCloud / podcast,house; deep house; soulful house,portal,demos@defected.com,"Streaming link with download option | Brief bio (1 paragraph) | Social media links | No attachments — streaming link only | Track must be original, not a bootleg or mashup",2M+ SoundCloud followers; Spotify editorial placement; syndicated to 70+ stations,"Defected Radio is the world's most-listened-to house music radio show, syndicated globally. Sending a promo to Defected's demos portal (LabelRadar) is the official route to reaching their A&R and radio team — tracks featured can go on air and to their 2M+ SoundCloud followers.",https://defected.com/demos; https://www.labelradar.com/labels/defected/portal; https://www.beatportal.com/articles/155155-defected-records-is-now-open-for-demo-submissions-via-labelradar,high,2026-06-01
Proton Radio — Bedroom Bedlam,radio,free,web / SoundCloud / Mixcloud,house; tech house; deep house; progressive house; breaks; techno,email,demos@protonradio.com,Private SoundCloud link with downloads enabled | Tracklist formatted as: 01. Artist - Track (Mix) [Label] | Include artist bio and genre info,200+ exclusive shows; global internet radio audience; SoundCloud/Mixcloud archive,Proton Radio is one of the longest-running underground electronic internet radio networks with 200+ exclusive shows. 'Bedroom Bedlam' is specifically the submission-friendly show that airs sets from emerging DJs — it is the documented front door for unknowns.,https://intercom.help/proton-radio/en/articles/2872691-how-do-i-get-a-mix-or-radio-show-on-proton; https://www.protonradio.com/shows/321/bedroom-bedlam,high,2026-06-01
Frisky Radio — Feelin' Frisky,radio,paid,web / SoundCloud / Mixcloud / podcast,house; tech house; progressive house; deep house; techno,email,submit@friskyradio.com,"MP3 only (no WAV) | 320 kbps quality | Upload to WeTransfer — do NOT use SoundCloud, Mediafire or similar | Include: your name, email, genre of mix, and brief bio | Full 1-hour set required",One of the largest underground electronic internet radio platforms; global audience; podcast distribution,"Frisky Radio is a globally-streamed curated electronic music internet radio. 'Feelin' Frisky' is their dedicated guest slot for emerging DJs — it is the official, documented submission route for artists without an existing residency. A successful set can lead to a full residency offer.",https://frisky.fm/; https://www.friskyradio.com/about/faq,high,2026-06-01
Foundation FM,radio,free,web / SoundCloud / Mixcloud,house; tech house; deep house; electronic; garage,email,ana@foundation.fm,Show/mix proposal describing your concept | SoundCloud or Mixcloud demo link recommended | Include artist bio and social links,London-based online station with growing global listenership; active SoundCloud and Mixcloud presence,Foundation FM is a female-led independent London station championing underrepresented voices and emerging artists in underground electronic music. It actively curates new talent via a dedicated show submissions contact and has a track record of platforming unknowns.,https://foundation.fm/info; https://soundcloud.com/foundation-fm,high,2026-06-01
NTS Radio — Show Proposal / Supporter Radio,radio,freemium,web / SoundCloud / Mixcloud,house; tech house; electronic; experimental; all genres,form,https://www.nts.live/contact,"Show proposal: describe concept in up to 600 characters, list up to 5 genres, provide up to 3 demo links (SoundCloud/Mixcloud/YouTube) | Supporter Radio: must be NTS Supporter (paid subscriber); 55–60 minute mix as MP3; submissions align with an announced theme",Millions of monthly listeners globally; 24/7 streaming; extensive archive,"NTS is one of the world's top independent online radio stations broadcasting 24/7. It has two documented entry routes for unknowns: (1) free show proposals via their website form, and (2) NTS Supporter Radio — a paid subscription scheme that opens mix submission rounds several times per year, with selected mixes broadcast and archived.",https://ntslive.freshdesk.com/support/solutions/articles/77000570099-show-proposals; https://www.nts.live/projects/supporter-radio; https://ntslive.freshdesk.com/support/solutions/articles/77000570080-submitting-a-mix,high,2026-06-01
Worldwide FM,radio,free,web / SoundCloud / Mixcloud,house; deep house; soul; jazz; world; electronic,email,info@worldwidefm.net,"Detailed show proposal: concept, planned guests for 6 months, specialty, genre focus, why it is original | Music submission via streaming link | Show must offer something distinct from existing programming",Global online audience; associated with Gilles Peterson's worldwide network; Mixcloud archive,"Worldwide FM (Gilles Peterson) champions underground and global music culture. Their contact page invites show proposals and music submissions. The station has a history of platforming emerging artists and international talent, making it realistic for a Tunisian producer to pitch a culturally distinctive show concept.",https://www.worldwidefm.net/contact; https://www.worldwidefm.net/about,high,2026-06-01
Ibiza Live Radio — New Talent Show,radio,free,web / FM Ibiza,house; deep house; tech house; electronic,form,https://www.ibizaliveradio.com/music/demo,Upload mix or demo track via upload portal at ibizaliveradio.affekt.de/upload-area | Include artist info and project description | Mix/set format preferred,Online + Ibiza FM; growing international listenership; active social media,"Ibiza Live Radio runs a monthly 'New Talent Show' competition specifically for unknown DJs and producers — the winning mix gets broadcast and the artist is featured as a guest. This is one of the most direct, documented routes for an unknown to get airplay on an Ibiza-branded station.",https://www.ibizaliveradio.com/music/demo; https://www.ibizaliveradio.com/,high,2026-06-01
Ibiza Global Radio,radio,free,FM / web / SoundCloud,house; tech house; electronic; Ibiza club sounds,email,info@ibizaglobalradio.com,"DJ mix or show proposal via email | Include artist bio, SoundCloud/streaming link | Specify genre and concept",100.8 FM Ibiza + global web streaming; 186K+ Instagram followers; international syndication,Ibiza Global Radio is a 24/7 broadcast station (100.8 FM Ibiza) streaming the best international DJs and electronic music. Reaching them via their contact email is a real route to pitch DJ mix shows or promos to their programming team.,https://www.ibizaglobalradio.com/contacts.html; https://www.ibizaglobalradio.com/,medium,2026-06-01
Passion Ibiza Radio,radio,free,web / Mixcloud / SoundCloud,house; soulful house; disco; tech house; deep house; afro house; melodic house,form,https://passionibizaradio.com/submit-a-demo/,"60-minute pre-recorded show or continuous mix | MP3 at 320 kbps | SoundCloud download link | Include name, email, optional Facebook/Instagram links",Online radio with Mixcloud/SoundCloud presence; Ibiza-focused audience; active as of June 2025,"Passion Ibiza Radio has a fully open, documented demo submission form for emerging DJs — one of the most directly accessible Ibiza-branded stations. They actively seek quality house DJs and presenters and accept continuous mix submissions.",https://passionibizaradio.com/submit-a-demo/; https://www.mixcloud.com/passionibizaradio/,high,2026-06-01
BBC Introducing,radio,free,FM / BBC Radio 1 / BBC Radio 6 Music / web,house; electronic; all genres (routed by region/genre),portal,https://www.bbc.co.uk/introducing,"Create a free BBC account | Upload WAV or MP3 file (up to 2 tracks per upload cycle) | Complete artist profile: name, genre, postcode, bio, photo (1920x1080px recommended) | Upload clean version only — no explicit lyrics | Add PRS Tunecode if applicable","BBC Radio 1, Radio 6 Music, 1Xtra, 2, and regional stations; millions of listeners","BBC Introducing is the official BBC pathway for unsigned/emerging artists to reach BBC Radio 1, Radio 6 Music, 1Xtra, and regional BBC stations. Uploaded tracks are reviewed by producers and can be broadcast nationally. The upload portal is free and open to all UK-based or UK-connected artists. Dance/electronic tracks are routed to relevant shows including Radio 1 Dance.",https://dittomusic.com/en/blog/how-to-get-your-music-played-on-bbc-introducing; https://en.wikipedia.org/wiki/BBC_Music_Introducing,high,2026-06-01
Netil Radio,radio,free,web / Mixcloud,house; electronic; underground; experimental,email,hello@netilradio.com,Show proposal describing concept and music policy | Demo mix link (Mixcloud or SoundCloud) | Artist bio and background,Online streaming; Mixcloud archive; London underground music community audience,Netil Radio is a Hackney community station broadcasting from a converted shipping container at Netil Market. It actively platforms emerging and underground artists and accepts show proposals via a documented email address. Its community-first ethos makes it more accessible than major stations.,https://netilradio.com/; https://streema.com/radios/Netil_Radio,medium,2026-06-01
Toolroom Radio,radio,free,"web / Mixcloud / podcast (Apple, Spotify)",tech house; house; techno,portal,https://toolroomrecords.com/demos/,Upload demo via portal at toolroomrecords.com/demos/ | Original productions only (not bootlegs) | Label does not reply to all submissions but will contact if interested,"Global podcast; Apple Podcasts, Spotify; Mixcloud archive; 775+ episodes as of 2025","Toolroom Radio (presented by Mark Knight) is one of the most respected weekly tech house/house radio shows, broadcast globally with guest mix slots. Submitting demos to Toolroom Records via their online portal is the official route to getting tracks featured on the show.",https://toolroomrecords.com/radio/; https://toolroomrecords.com/demos/,high,2026-06-01
Cr2 Live & Direct Radio Show,radio,free,web / SoundCloud / podcast / 70+ FM stations,house; tech house; techno,email,https://cr2records.com/contact/,"Contact via Cr2 Records general contact page | Include streaming link, release info, and artist bio | Original house/tech house tracks suitable for a global radio audience",18M+ weekly listeners; 70+ FM stations; 50+ countries; SoundCloud/podcast,Mark Brown's Cr2 Live & Direct show reaches 18M+ weekly listeners across 70+ stations in 50+ countries — one of the most syndicated house radio shows globally. Promos submitted and featured here get extraordinary reach for an unknown.,https://cr2records.com/radio/; https://cr2records.com/contact/,medium,2026-06-01
Kaluki Radio,radio,free,podcast (Apple Podcasts) / SoundCloud,tech house; house; techno,email,info@kaluki.co.uk,"Include a SoundCloud or streaming link to your track or mix | Keep the pitch concise — who you are, what you're sending | Original tech house/house productions",Dedicated tech house fanbase; Apple Podcasts; global streaming; Ibiza presence,"Kaluki is a Manchester-based independent tech house label and events brand (est. 2006) whose weekly radio podcast is an established community touchpoint. Reaching the label via info@kaluki.co.uk is a direct line to label boss Pirate Copy, who runs the show.",https://www.kaluki.co.uk/; https://podcasts.apple.com/us/podcast/kaluki-radio/id1436583791,medium,2026-06-01
Glitterbox Radio,radio,free,web / Mixcloud / podcast,house; disco house; soulful house; classic house,portal,https://www.labelradar.com/labels/glitterbox/portal,Submit via LabelRadar at labelradar.com/labels/glitterbox/portal | Streaming link with download option | Brief bio and social links | Track should fit Glitterbox's disco/house/soulful aesthetic,Defected network audience; Mixcloud/SoundCloud; BBC Radio 1 Dance collaborations; global reach,"Glitterbox Radio (run by Simon Dunmore / Defected sub-brand) is a weekly show celebrating the best in house, disco and dance music, broadcast globally. Submitting via the Defected/LabelRadar portal is the documented route for getting tracks considered for Glitterbox Radio airplay.",https://www.labelradar.com/labels/glitterbox/portal; https://defected.com/glitterbox; https://www.ibiza-spotlight.com/magazine/2025/06/glitterbox-and-bbc-radio-1-dance-x-reel-house-music-legends-30th-anniversary,high,2026-06-01
Selected.,youtube,free,YouTube / SoundCloud / Spotify,house; deep house; melodic house,form,inbox@selectedbase.com,"Streamable links only (SoundCloud, YouTube, Dropbox, Google Drive) | Unreleased tracks preferred | Do not chase for a response",Multiple millions of YouTube plays; large SoundCloud following,Berlin-founded music blog and label with millions of YouTube views; curates high-quality house tracks for an engaged electronic audience and accepts demos directly from unknowns via its submit page.,https://selectedbase.com/submit; https://www.youtube.com/channel/UCFZ75Bg73NJnJgmeUX9l62g,high,2026-06-01
MrRevillz,youtube,paid,YouTube / SoundCloud / Spotify,house; deep house; dance; electronic,portal,info@MrRevillz.com,"Submit via the portal (not email for tracks) | Receive email updates on verdict | House, dance, and electronic genres",3M+ YouTube subscribers; 2B+ total views,One of the most established house/dance YouTube channels with 3M+ subscribers and 2B+ total views; runs a dedicated submission portal with feedback to all submitters — very accessible for unknowns.,https://music.mrrevillz.com/Submissions; https://www.submithub.com/blog/mrrevillz; https://www.youtube.com/channel/UCd3TI79UTgYvVEq5lTnJ4uQ,high,2026-06-01
House Nation,youtube,free,YouTube / SoundCloud,house; tech house; deep house,portal,dylan@nations.io,"Submit via LabelRadar portal | House, tech house, and adjacent electronic genres",~3.92M YouTube subscribers; 1B+ total views,Premier YouTube destination for cutting-edge house music with ~3.9M subscribers and daily uploads; accepts music submissions via LabelRadar portal — one of the clearest open submission routes for independent house producers.,https://www.labelradar.com/labels/housenation/profile; https://www.youtube.com/channel/UCj_Y-xJ2DRDGP4ilfzplCOQ; https://youtube.fandom.com/wiki/House_Nation,high,2026-06-01
The Vibe Guide,youtube,free,YouTube / SoundCloud,house; deep house; indie dance; nu disco; electronic,portal,tvgsubmissions@gmail.com,"House, electronic, indie dance, nu disco, downtempo genres | Submit via portal or email",Large established YouTube audience; active since 2012,One of the leading music curators on YouTube since 2012 with a multi-genre scope including house; maintains an open submission portal and email specifically for track submissions by artists at any level.,https://thevibeguide.net/contact/; https://submit.thevibeguide.net/; https://www.submithub.com/blog/the-vibe-guide,high,2026-06-01
La Belle Musique,youtube,paid,YouTube / SoundCloud / Spotify / Twitch,house; deep house; chill house; melodic,portal,rubin@labellemusique.co,"Submit via Groover (fee-based per submission) | Beautiful, chill, soulful house vibes preferred | Curators are described as 'very selective'",Millions of YouTube views; active on SoundCloud and Spotify,"Active since 2013, creates visually immersive house music compilations with large YouTube and SoundCloud audiences; accepts track submissions via Groover (paid, transparent) with a direct promo email as a fallback.",https://groover.co/en/influencer/profile/0.la-belle-musique/; https://www.youtube.com/channel/UCXKr4vbqJkg4cXmdvaAEjYw; https://www.submithub.com/blog/la-belle-musique,high,2026-06-01
Suprafive Music,youtube,paid,YouTube / SoundCloud / Spotify,house; deep house; melodic house; electronic,portal,simeon@suprafivemusic.com,"Submit via SubmitHub (credits required) | House, deep house, melodic electronic genres | Quality-focused; limited upload volume",Individual tracks/remixes with 20M–40M YouTube views; active Spotify playlist,"Quality-over-quantity YouTube music blog/label with tracks hitting tens of millions of plays; accepts demos via SubmitHub (credits-based, transparent feedback) and direct email — approachable for unknowns.",https://www.submithub.com/blog/suprafive-music; https://www.youtube.com/c/suprafive; https://soundcloud.com/suprafive,high,2026-06-01
Future House Cloud,youtube,free,YouTube / SoundCloud / Spotify,future house; deep house; house,portal,contact@futurehousecloud.com,Future house and deep house genres | Submit via LabelRadar or email,Active YouTube and SoundCloud channel; Spotify playlisting via SubmitHub,"Independent YouTube label and promo channel focused on future and deep house for emerging artists; has a LabelRadar submission portal and contact email, making it fully open to unknowns.",https://www.labelradar.com/labels/futurehousecloud/profile; https://www.youtube.com/channel/UCO0sfpPwj3PGVVH_jiqBA6A; https://soundcloud.com/future-house-cloud,high,2026-06-01
Artist Intelligence Agency (AIA),repost-network,free,SoundCloud / Spotify / YouTube,house; deep house; electronic; EDM,portal,https://www.labelradar.com/labels/aia/portal,"Submit via LabelRadar portal | House, deep house, electronic genres","Multiple SoundCloud brand accounts with millions of combined followers across EDM, DeepSounds, IvoryOasis, Future, and other brand channels","Operates a matrix of multiple SoundCloud tastemaker brand accounts (EDM, DeepSounds, IvoryOasis, Future, etc.) with millions of combined followers; open demo submissions via LabelRadar portal giving unknowns direct access to a wide repost network.",https://www.labelradar.com/labels/aia/portal; https://soundcloud.com/aiagency; https://www.submithub.com/label/artist-intelligence-agency,high,2026-06-01
Proximity,youtube,free,YouTube / Spotify,melodic house; melodic techno; progressive house; electronic,portal,https://demos.prxmusic.com/,"Electronic, melodic house, melodic techno, progressive house | Submit via demos.prxmusic.com | High competition: approximately 1-in-500 acceptance rate | Do not send unfinished tracks; avoid multiple submissions per week",9M YouTube subscribers; 243K Spotify followers; 513 label releases across three labels,One of the largest electronic music YouTube channels globally (9M subscribers); runs three labels and accepts demos via a dedicated portal — a massive reach platform for melodic and progressive house tracks.,https://www.prxmusic.com/; https://demos.prxmusic.com/; https://www.youtube.com/channel/UC3ifTl5zKiCAhHIBQYcaTeg,medium,2026-06-01
Tech Me Home,youtube,paid,YouTube / Spotify / SoundCloud,tech house; house; deep house; techno,form,contact@techmehomechannel.com,"Tech house, house, deep house, techno genres | Complete the submissions form on their website | Response within 48-72 hours",Active growing YouTube and Spotify promotion channel for underground electronic music,Dedicated tech house and house promotion channel with an explicit open submission form and a 48-72 hour response commitment — one of the most accessible and responsive channels in the tech house space for emerging artists.,https://www.techmehomechannel.com/submit-your-song; https://www.techmehomechannel.com/,high,2026-06-01
RepostExchange,repost-network,freemium,SoundCloud,house; tech house; deep house; electronic,portal,https://repostexchange.com/,"Connect SoundCloud account | Select a public track and choose target genres including house and tech house | Earn credits by reposting others, or purchase credits | New members get 30 free credits (approx 3,000 SoundCloud user reach)",Thousands of active SoundCloud members; algorithm targets genre-matched audiences,"Official SoundCloud partner platform (as of Q1 2026) providing free, genre-targeted SoundCloud reposts via a credit economy — the most accessible organic repost tool for any unknown house/tech house producer with a SoundCloud account.",https://repostexchange.com/welcome; https://repostexchange.com/managed-campaigns,high,2026-06-01
